season,week,team,pick_pct
2010,1,ARI,0.036000000000000004
2010,1,ATL,0.006
2010,1,BAL,0.002
2010,1,BUF,0.001
2010,1,CAR,0
2010,1,CHI,0.107
2010,1,CIN,0.001
2010,1,CLE,0.006999999999999999
2010,1,DAL,0.016
2010,1,DEN,0.003
2010,1,DET,0.002
2010,1,GB,0.017
2010,1,HOU,0
2010,1,IND,0.017
2010,1,JAX,0.004
2010,1,KC,0.001
2010,1,MIA,0.081
2010,1,MIN,0.002
2010,1,NE,0.013000000000000001
2010,1,NO,0.019
2010,1,NYG,0.105
2010,1,NYJ,0.002
2010,1,OAK,0.001
2010,1,PHI,0
2010,1,PIT,0.002
2010,1,SD,0.165
2010,1,SEA,0.001
2010,1,SF,0.05
2010,1,STL,0.002
2010,1,TB,0.011000000000000001
2010,1,TEN,0.326
2010,1,WAS,0.001
2010,2,ARI,0.001
2010,2,ATL,0.053
2010,2,BAL,0.006
2010,2,BUF,0
2010,2,CAR,0.013000000000000001
2010,2,CHI,0
2010,2,CIN,0.001
2010,2,CLE,0.001
2010,2,DAL,0.07200000000000001
2010,2,DEN,0.004
2010,2,DET,0.001
2010,2,GB,0.573
2010,2,HOU,0.013000000000000001
2010,2,IND,0.006
2010,2,JAX,0
2010,2,KC,0.022000000000000002
2010,2,MIA,0
2010,2,MIN,0.027000000000000003
2010,2,NE,0.006999999999999999
2010,2,NO,0.05
2010,2,NYG,0
2010,2,NYJ,0
2010,2,OAK,0.021
2010,2,PHI,0.085
2010,2,PIT,0
2010,2,SD,0.031
2010,2,SEA,0.002
2010,2,SF,0
2010,2,STL,0.003
2010,2,TB,0.001
2010,2,TEN,0.006
2010,2,WAS,0.001
2010,3,ARI,0.009000000000000001
2010,3,ATL,0
2010,3,BAL,0.233
2010,3,BUF,0
2010,3,CAR,0
2010,3,CHI,0.001
2010,3,CIN,0.023
2010,3,CLE,0
2010,3,DAL,0.001
2010,3,DEN,0
2010,3,DET,0.001
2010,3,GB,0.004
2010,3,HOU,0.004
2010,3,IND,0.009000000000000001
2010,3,JAX,0
2010,3,KC,0.003
2010,3,MIA,0.001
2010,3,MIN,0.079
2010,3,NE,0.529
2010,3,NO,0.005
2010,3,NYG,0.002
2010,3,NYJ,0.001
2010,3,OAK,0.001
2010,3,PHI,0.006
2010,3,PIT,0.006
2010,3,SD,0.009000000000000001
2010,3,SEA,0
2010,3,SF,0.006
2010,3,STL,0
2010,3,TB,0.001
2010,3,TEN,0
2010,3,WAS,0.065
2010,4,ARI,0
2010,4,ATL,0.076
2010,4,BAL,0.001
2010,4,BUF,0
2010,4,CAR,0
2010,4,CHI,0.002
2010,4,CIN,0.027000000000000003
2010,4,CLE,0
2010,4,DAL,NA
2010,4,DEN,0
2010,4,DET,0
2010,4,GB,0.11699999999999999
2010,4,HOU,0.043
2010,4,IND,0.068
2010,4,JAX,0
2010,4,KC,NA
2010,4,MIA,0.001
2010,4,MIN,NA
2010,4,NE,0.002
2010,4,NO,0.46
2010,4,NYG,0.001
2010,4,NYJ,0.092
2010,4,OAK,0
2010,4,PHI,0.012
2010,4,PIT,0.002
2010,4,SD,0.076
2010,4,SEA,0.006999999999999999
2010,4,SF,0
2010,4,STL,0.001
2010,4,TB,NA
2010,4,TEN,0.01
2010,4,WAS,0
2010,5,ARI,0
2010,5,ATL,0.109
2010,5,BAL,0.085
2010,5,BUF,0.001
2010,5,CAR,0.001
2010,5,CHI,0.018000000000000002
2010,5,CIN,0.12
2010,5,CLE,0
2010,5,DAL,0.027000000000000003
2010,5,DEN,0
2010,5,DET,0.011000000000000001
2010,5,GB,0.004
2010,5,HOU,0.009000000000000001
2010,5,IND,0.284
2010,5,JAX,0.033
2010,5,KC,0.001
2010,5,MIA,NA
2010,5,MIN,0.001
2010,5,NE,NA
2010,5,NO,0.091
2010,5,NYG,0
2010,5,NYJ,0.01
2010,5,OAK,0
2010,5,PHI,0.004
2010,5,PIT,NA
2010,5,SD,0.17600000000000002
2010,5,SEA,NA
2010,5,SF,0.006
2010,5,STL,0.008
2010,5,TB,0
2010,5,TEN,0
2010,5,WAS,0
2010,6,ARI,NA
2010,6,ATL,0.002
2010,6,BAL,0.001
2010,6,BUF,NA
2010,6,CAR,NA
2010,6,CHI,0.055
2010,6,CIN,NA
2010,6,CLE,0
2010,6,DAL,0.001
2010,6,DEN,0
2010,6,DET,0
2010,6,GB,0.002
2010,6,HOU,0.005
2010,6,IND,0.005
2010,6,JAX,0
2010,6,KC,0.001
2010,6,MIA,0.001
2010,6,MIN,0.002
2010,6,NE,0.001
2010,6,NO,0.005
2010,6,NYG,0.19699999999999998
2010,6,NYJ,0.006999999999999999
2010,6,OAK,0.002
2010,6,PHI,0.001
2010,6,PIT,0.6609999999999999
2010,6,SD,0.031
2010,6,SEA,0
2010,6,SF,0.015
2010,6,STL,0
2010,6,TB,0
2010,6,TEN,0.005
2010,6,WAS,0
2010,7,ARI,0
2010,7,ATL,0.031
2010,7,BAL,0.521
2010,7,BUF,0
2010,7,CAR,0.001
2010,7,CHI,0.002
2010,7,CIN,0
2010,7,CLE,0
2010,7,DAL,0.003
2010,7,DEN,0.11800000000000001
2010,7,DET,NA
2010,7,GB,0.001
2010,7,HOU,NA
2010,7,IND,NA
2010,7,JAX,0
2010,7,KC,0.069
2010,7,MIA,0
2010,7,MIN,0.001
2010,7,NE,0.012
2010,7,NO,0.17600000000000002
2010,7,NYG,0.004
2010,7,NYJ,NA
2010,7,OAK,0
2010,7,PHI,0.001
2010,7,PIT,0.008
2010,7,SD,0
2010,7,SEA,0.028999999999999998
2010,7,SF,0.015
2010,7,STL,0.001
2010,7,TB,0.003
2010,7,TEN,0.001
2010,7,WAS,0.001
2010,8,ARI,0.003
2010,8,ATL,NA
2010,8,BAL,NA
2010,8,BUF,0.001
2010,8,CAR,0.001
2010,8,CHI,NA
2010,8,CIN,0.002
2010,8,CLE,NA
2010,8,DAL,0.085
2010,8,DEN,0.006999999999999999
2010,8,DET,0.003
2010,8,GB,0
2010,8,HOU,0.001
2010,8,IND,0.036000000000000004
2010,8,JAX,0.002
2010,8,KC,0.573
2010,8,MIA,0.01
2010,8,MIN,0
2010,8,NE,0.057999999999999996
2010,8,NO,0
2010,8,NYG,NA
2010,8,NYJ,0.064
2010,8,OAK,0.006999999999999999
2010,8,PHI,NA
2010,8,PIT,0.005
2010,8,SD,0.003
2010,8,SEA,0.002
2010,8,SF,0.001
2010,8,STL,0.078
2010,8,TB,0.006
2010,8,TEN,0.009000000000000001
2010,8,WAS,0.043
2010,9,ARI,0
2010,9,ATL,0.16699999999999998
2010,9,BAL,0.005
2010,9,BUF,0.004
2010,9,CAR,0
2010,9,CHI,0.027999999999999997
2010,9,CIN,0
2010,9,CLE,0
2010,9,DAL,0
2010,9,DEN,NA
2010,9,DET,0.001
2010,9,GB,0.078
2010,9,HOU,0.009000000000000001
2010,9,IND,0.006999999999999999
2010,9,JAX,NA
2010,9,KC,0.001
2010,9,MIA,0
2010,9,MIN,0.139
2010,9,NE,0.092
2010,9,NO,0.08
2010,9,NYG,0.10099999999999999
2010,9,NYJ,0.249
2010,9,OAK,0.006
2010,9,PHI,0.001
2010,9,PIT,0.03
2010,9,SD,0.001
2010,9,SEA,0
2010,9,SF,NA
2010,9,STL,NA
2010,9,TB,0.001
2010,9,TEN,NA
2010,9,WAS,NA
2010,10,ARI,0.004
2010,10,ATL,0.001
2010,10,BAL,0.001
2010,10,BUF,0.006999999999999999
2010,10,CAR,0
2010,10,CHI,0.001
2010,10,CIN,0
2010,10,CLE,0
2010,10,DAL,0
2010,10,DEN,0.001
2010,10,DET,0.008
2010,10,GB,NA
2010,10,HOU,0.003
2010,10,IND,0.08900000000000001
2010,10,JAX,0.001
2010,10,KC,0.004
2010,10,MIA,0.001
2010,10,MIN,0.003
2010,10,NE,0
2010,10,NO,NA
2010,10,NYG,0.251
2010,10,NYJ,0.017
2010,10,OAK,NA
2010,10,PHI,0.015
2010,10,PIT,0.002
2010,10,SD,NA
2010,10,SEA,0
2010,10,SF,0.009000000000000001
2010,10,STL,0.001
2010,10,TB,0.575
2010,10,TEN,0.005
2010,10,WAS,0
2010,11,ARI,0
2010,11,ATL,0.10300000000000001
2010,11,BAL,0.078
2010,11,BUF,0.001
2010,11,CAR,0
2010,11,CHI,0.008
2010,11,CIN,0.045
2010,11,CLE,0.002
2010,11,DAL,0.27699999999999997
2010,11,DEN,0.001
2010,11,DET,0.001
2010,11,GB,0.006
2010,11,HOU,0
2010,11,IND,0.001
2010,11,JAX,0.012
2010,11,KC,0.042
2010,11,MIA,0.003
2010,11,MIN,0
2010,11,NE,0.001
2010,11,NO,0.069
2010,11,NYG,0.001
2010,11,NYJ,0.068
2010,11,OAK,0
2010,11,PHI,0.008
2010,11,PIT,0.057999999999999996
2010,11,SD,0.183
2010,11,SEA,0
2010,11,SF,0.001
2010,11,STL,0
2010,11,TB,0.006
2010,11,TEN,0.025
2010,11,WAS,0
2010,12,ARI,0.001
2010,12,ATL,0.002
2010,12,BAL,0.006
2010,12,BUF,0
2010,12,CAR,0
2010,12,CHI,0
2010,12,CIN,0
2010,12,CLE,0.473
2010,12,DAL,0.001
2010,12,DEN,0.009000000000000001
2010,12,DET,0
2010,12,GB,0.001
2010,12,HOU,0.012
2010,12,IND,0.008
2010,12,JAX,0
2010,12,KC,0.002
2010,12,MIA,0.001
2010,12,MIN,0.001
2010,12,NE,0.099
2010,12,NO,0.006
2010,12,NYG,0.032
2010,12,NYJ,0.23600000000000002
2010,12,OAK,0.006999999999999999
2010,12,PHI,0.022000000000000002
2010,12,PIT,0.069
2010,12,SD,0.001
2010,12,SEA,0.001
2010,12,SF,0.002
2010,12,STL,0
2010,12,TB,0
2010,12,TEN,0
2010,12,WAS,0.006
2010,13,ARI,0
2010,13,ATL,0.004
2010,13,BAL,0
2010,13,BUF,0
2010,13,CAR,0
2010,13,CHI,0.12
2010,13,CIN,0
2010,13,CLE,0.001
2010,13,DAL,0
2010,13,DEN,0
2010,13,DET,0
2010,13,GB,0.07400000000000001
2010,13,HOU,0
2010,13,IND,0.016
2010,13,JAX,0.003
2010,13,KC,0.021
2010,13,MIA,0.006
2010,13,MIN,0.023
2010,13,NE,0.002
2010,13,NO,0.03
2010,13,NYG,0.016
2010,13,NYJ,0.001
2010,13,OAK,0
2010,13,PHI,0.275
2010,13,PIT,0.001
2010,13,SD,0.20800000000000002
2010,13,SEA,0.19
2010,13,SF,0
2010,13,STL,0.008
2010,13,TB,0
2010,13,TEN,0
2010,13,WAS,0
2010,14,ARI,0.001
2010,14,ATL,0.37200000000000005
2010,14,BAL,0.006
2010,14,BUF,0.001
2010,14,CAR,0
2010,14,CHI,0.001
2010,14,CIN,0
2010,14,CLE,0.015
2010,14,DAL,0.001
2010,14,DEN,0.023
2010,14,DET,0
2010,14,GB,0.052000000000000005
2010,14,HOU,0
2010,14,IND,0.06
2010,14,JAX,0.134
2010,14,KC,0
2010,14,MIA,0
2010,14,MIN,0
2010,14,NE,0.004
2010,14,NO,0.04
2010,14,NYG,0.016
2010,14,NYJ,0.073
2010,14,OAK,0.001
2010,14,PHI,0.044000000000000004
2010,14,PIT,0.1
2010,14,SD,0.032
2010,14,SEA,0.002
2010,14,SF,0.011000000000000001
2010,14,STL,0
2010,14,TB,0.01
2010,14,TEN,0
2010,14,WAS,0.001
2010,15,ARI,0.011000000000000001
2010,15,ATL,0.024
2010,15,BAL,0
2010,15,BUF,0
2010,15,CAR,0.001
2010,15,CHI,0.040999999999999995
2010,15,CIN,0.001
2010,15,CLE,0.002
2010,15,DAL,0.06
2010,15,DEN,0
2010,15,DET,0
2010,15,GB,0
2010,15,HOU,0.004
2010,15,IND,0.011000000000000001
2010,15,JAX,0.001
2010,15,KC,0.002
2010,15,MIA,0.09699999999999999
2010,15,MIN,0.001
2010,15,NE,0.052000000000000005
2010,15,NO,0.002
2010,15,NYG,0.001
2010,15,NYJ,0
2010,15,OAK,0.42
2010,15,PHI,0.002
2010,15,PIT,0.005
2010,15,SD,0.19699999999999998
2010,15,SEA,0
2010,15,SF,0
2010,15,STL,0.002
2010,15,TB,0.065
2010,15,TEN,0
2010,15,WAS,0
2010,16,ARI,0
2010,16,ATL,0.002
2010,16,BAL,0.009000000000000001
2010,16,BUF,0
2010,16,CAR,0
2010,16,CHI,0.003
2010,16,CIN,0
2010,16,CLE,0
2010,16,DAL,0.132
2010,16,DEN,0
2010,16,DET,0.001
2010,16,GB,0.001
2010,16,HOU,0.009000000000000001
2010,16,IND,0.011000000000000001
2010,16,JAX,0.242
2010,16,KC,0.011000000000000001
2010,16,MIA,0.02
2010,16,MIN,0
2010,16,NE,0.043
2010,16,NO,0.001
2010,16,NYG,0.002
2010,16,NYJ,0.001
2010,16,OAK,0.001
2010,16,PHI,0.318
2010,16,PIT,0.121
2010,16,SD,0.044000000000000004
2010,16,SEA,0
2010,16,SF,0.001
2010,16,STL,0.011000000000000001
2010,16,TB,0.017
2010,16,TEN,0
2010,16,WAS,0
2010,17,ARI,0.002
2010,17,ATL,0.159
2010,17,BAL,0.043
2010,17,BUF,0.001
2010,17,CAR,0.001
2010,17,CHI,0.006
2010,17,CIN,0
2010,17,CLE,0.001
2010,17,DAL,0.001
2010,17,DEN,0.002
2010,17,DET,0.040999999999999995
2010,17,GB,0.013999999999999999
2010,17,HOU,0.012
2010,17,IND,0.23399999999999999
2010,17,JAX,0.013999999999999999
2010,17,KC,0.015
2010,17,MIA,0.001
2010,17,MIN,0.008
2010,17,NE,0.028999999999999998
2010,17,NO,0.022000000000000002
2010,17,NYG,0.095
2010,17,NYJ,0.071
2010,17,OAK,0.001
2010,17,PHI,0.021
2010,17,PIT,0.019
2010,17,SD,0.018000000000000002
2010,17,SEA,0.005
2010,17,SF,0.105
2010,17,STL,0.057
2010,17,TB,0.001
2010,17,TEN,0
2010,17,WAS,0.001
2011,1,ARI,0.201
2011,1,ATL,0.008
2011,1,BAL,0.001
2011,1,BUF,0.001
2011,1,CAR,0
2011,1,CHI,0.001
2011,1,CIN,0.001
2011,1,CLE,0.139
2011,1,DAL,0.001
2011,1,DEN,0.013000000000000001
2011,1,DET,0.006999999999999999
2011,1,GB,0.011000000000000001
2011,1,HOU,0.08199999999999999
2011,1,IND,0.001
2011,1,JAX,0.001
2011,1,KC,0.16899999999999998
2011,1,MIA,0
2011,1,MIN,0
2011,1,NE,0.15
2011,1,NO,0.002
2011,1,NYG,0.017
2011,1,NYJ,0.008
2011,1,OAK,0.003
2011,1,PHI,0.061
2011,1,PIT,0.003
2011,1,SD,0.09
2011,1,SEA,0.001
2011,1,SF,0.013999999999999999
2011,1,STL,0
2011,1,TB,0.006
2011,1,TEN,0.008
2011,1,WAS,0.001
2011,2,ARI,0.001
2011,2,ATL,0
2011,2,BAL,0.09
2011,2,BUF,0.013000000000000001
2011,2,CAR,0
2011,2,CHI,0.001
2011,2,CIN,0.001
2011,2,CLE,0.006999999999999999
2011,2,DAL,0.016
2011,2,DEN,0.008
2011,2,DET,0.113
2011,2,GB,0.128
2011,2,HOU,0.011000000000000001
2011,2,IND,0.003
2011,2,JAX,0
2011,2,KC,0
2011,2,MIA,0.001
2011,2,MIN,0.004
2011,2,NE,0.008
2011,2,NO,0.009000000000000001
2011,2,NYG,0.032
2011,2,NYJ,0.095
2011,2,OAK,0.002
2011,2,PHI,0.005
2011,2,PIT,0.444
2011,2,SD,0
2011,2,SEA,0
2011,2,SF,0.001
2011,2,STL,0
2011,2,TB,0.002
2011,2,TEN,0
2011,2,WAS,0.006999999999999999
2011,3,ARI,0.017
2011,3,ATL,0.005
2011,3,BAL,0.053
2011,3,BUF,0.001
2011,3,CAR,0.045
2011,3,CHI,0
2011,3,CIN,0.002
2011,3,CLE,0.004
2011,3,DAL,0.003
2011,3,DEN,0
2011,3,DET,0.024
2011,3,GB,0.005
2011,3,HOU,0
2011,3,IND,0
2011,3,JAX,0
2011,3,KC,0
2011,3,MIA,0.003
2011,3,MIN,0.001
2011,3,NE,0.054000000000000006
2011,3,NO,0.011000000000000001
2011,3,NYG,0
2011,3,NYJ,0.013000000000000001
2011,3,OAK,0.001
2011,3,PHI,0.008
2011,3,PIT,0.138
2011,3,SD,0.555
2011,3,SEA,0.001
2011,3,SF,0.004
2011,3,STL,0
2011,3,TB,0
2011,3,TEN,0.05
2011,3,WAS,0.002
2011,4,ARI,0
2011,4,ATL,0.039
2011,4,BAL,0.002
2011,4,BUF,0.057999999999999996
2011,4,CAR,0
2011,4,CHI,0.052000000000000005
2011,4,CIN,0
2011,4,CLE,0.001
2011,4,DAL,0.001
2011,4,DEN,0
2011,4,DET,0.002
2011,4,GB,0.342
2011,4,HOU,0.001
2011,4,IND,0
2011,4,JAX,0
2011,4,KC,0.001
2011,4,MIA,0
2011,4,MIN,0.017
2011,4,NE,0.009000000000000001
2011,4,NO,0.19399999999999998
2011,4,NYG,0.006999999999999999
2011,4,NYJ,0
2011,4,OAK,0
2011,4,PHI,0.027999999999999997
2011,4,PIT,0.001
2011,4,SD,0.03
2011,4,SEA,0
2011,4,SF,0
2011,4,STL,0.001
2011,4,TB,0.198
2011,4,TEN,0.002
2011,4,WAS,0.013000000000000001
2011,5,ARI,0.002
2011,5,ATL,0
2011,5,BAL,NA
2011,5,BUF,0.003
2011,5,CAR,0
2011,5,CHI,0.001
2011,5,CIN,0.008
2011,5,CLE,NA
2011,5,DAL,NA
2011,5,DEN,0
2011,5,DET,0.019
2011,5,GB,0.017
2011,5,HOU,0.038
2011,5,IND,0.013000000000000001
2011,5,JAX,0.002
2011,5,KC,0.002
2011,5,MIA,NA
2011,5,MIN,0.008
2011,5,NE,0.038
2011,5,NO,0.08800000000000001
2011,5,NYG,0.706
2011,5,NYJ,0
2011,5,OAK,0.001
2011,5,PHI,0.006999999999999999
2011,5,PIT,0.005
2011,5,SD,0.035
2011,5,SEA,0
2011,5,SF,0.004
2011,5,STL,NA
2011,5,TB,0.003
2011,5,TEN,0.002
2011,5,WAS,NA
2011,6,ARI,NA
2011,6,ATL,0.023
2011,6,BAL,0.037000000000000005
2011,6,BUF,0.003
2011,6,CAR,0.001
2011,6,CHI,0.015
2011,6,CIN,0.047
2011,6,CLE,0
2011,6,DAL,0.001
2011,6,DEN,NA
2011,6,DET,0.006999999999999999
2011,6,GB,0.29100000000000004
2011,6,HOU,0
2011,6,IND,0.001
2011,6,JAX,0
2011,6,KC,NA
2011,6,MIA,0
2011,6,MIN,0.001
2011,6,NE,0.035
2011,6,NO,0.017
2011,6,NYG,0.001
2011,6,NYJ,0.251
2011,6,OAK,0.081
2011,6,PHI,0.005
2011,6,PIT,0.177
2011,6,SD,NA
2011,6,SEA,NA
2011,6,SF,0.001
2011,6,STL,0
2011,6,TB,0
2011,6,TEN,NA
2011,6,WAS,0.004
2011,7,ARI,0
2011,7,ATL,0
2011,7,BAL,0.157
2011,7,BUF,NA
2011,7,CAR,0.004
2011,7,CHI,0.001
2011,7,CIN,NA
2011,7,CLE,0.005
2011,7,DAL,0.46399999999999997
2011,7,DEN,0.01
2011,7,DET,0.008
2011,7,GB,0.023
2011,7,HOU,0.001
2011,7,IND,0
2011,7,JAX,0
2011,7,KC,0.001
2011,7,MIA,0.002
2011,7,MIN,0
2011,7,NE,NA
2011,7,NO,0.26899999999999996
2011,7,NYG,NA
2011,7,NYJ,0.001
2011,7,OAK,0.025
2011,7,PHI,NA
2011,7,PIT,0.021
2011,7,SD,0.001
2011,7,SEA,0.001
2011,7,SF,NA
2011,7,STL,0
2011,7,TB,0.002
2011,7,TEN,0.002
2011,7,WAS,0.002
2011,8,ARI,0
2011,8,ATL,NA
2011,8,BAL,0.32299999999999995
2011,8,BUF,0.018000000000000002
2011,8,CAR,0.006
2011,8,CHI,NA
2011,8,CIN,0.006999999999999999
2011,8,CLE,0
2011,8,DAL,0.001
2011,8,DEN,0
2011,8,DET,0.013000000000000001
2011,8,GB,NA
2011,8,HOU,0.059000000000000004
2011,8,IND,0
2011,8,JAX,0
2011,8,KC,0.001
2011,8,MIA,0
2011,8,MIN,0.001
2011,8,NE,0.001
2011,8,NO,0.132
2011,8,NYG,0.185
2011,8,NYJ,NA
2011,8,OAK,NA
2011,8,PHI,0.002
2011,8,PIT,0
2011,8,SD,0.004
2011,8,SEA,0.001
2011,8,SF,0.163
2011,8,STL,0
2011,8,TB,NA
2011,8,TEN,0.083
2011,8,WAS,0
2011,9,ARI,0.003
2011,9,ATL,0.349
2011,9,BAL,0
2011,9,BUF,0.003
2011,9,CAR,NA
2011,9,CHI,0
2011,9,CIN,0.001
2011,9,CLE,0
2011,9,DAL,0.11699999999999999
2011,9,DEN,0
2011,9,DET,NA
2011,9,GB,0.006
2011,9,HOU,0.299
2011,9,IND,0
2011,9,JAX,NA
2011,9,KC,0.083
2011,9,MIA,0
2011,9,MIN,NA
2011,9,NE,0.022000000000000002
2011,9,NO,0.018000000000000002
2011,9,NYG,0
2011,9,NYJ,0.001
2011,9,OAK,0.051
2011,9,PHI,0.015
2011,9,PIT,0.002
2011,9,SD,0
2011,9,SEA,0
2011,9,SF,0.026000000000000002
2011,9,STL,0.002
2011,9,TB,0
2011,9,TEN,0.001
2011,9,WAS,0
2011,10,ARI,0
2011,10,ATL,0.001
2011,10,BAL,0.16699999999999998
2011,10,BUF,0.001
2011,10,CAR,0.005
2011,10,CHI,0.003
2011,10,CIN,0
2011,10,CLE,0.015
2011,10,DAL,0.005
2011,10,DEN,0.001
2011,10,DET,0.002
2011,10,GB,0.11599999999999999
2011,10,HOU,0.013999999999999999
2011,10,IND,0.001
2011,10,JAX,0.033
2011,10,KC,0.009000000000000001
2011,10,MIA,0.006999999999999999
2011,10,MIN,0
2011,10,NE,0.003
2011,10,NO,0.001
2011,10,NYG,0.001
2011,10,NYJ,0.001
2011,10,OAK,0
2011,10,PHI,0.555
2011,10,PIT,0.009000000000000001
2011,10,SD,0.038
2011,10,SEA,0
2011,10,SF,0.006999999999999999
2011,10,STL,0.001
2011,10,TB,0
2011,10,TEN,0.002
2011,10,WAS,0.002
2011,11,ARI,0
2011,11,ATL,0.013999999999999999
2011,11,BAL,0.009000000000000001
2011,11,BUF,0.011000000000000001
2011,11,CAR,0
2011,11,CHI,0.02
2011,11,CIN,0.001
2011,11,CLE,0.002
2011,11,DAL,0.034
2011,11,DEN,0.002
2011,11,DET,0.11199999999999999
2011,11,GB,0.07200000000000001
2011,11,HOU,NA
2011,11,IND,NA
2011,11,JAX,0.003
2011,11,KC,0
2011,11,MIA,0.001
2011,11,MIN,0
2011,11,NE,0.406
2011,11,NO,NA
2011,11,NYG,0.009000000000000001
2011,11,NYJ,0.040999999999999995
2011,11,OAK,0.017
2011,11,PHI,0
2011,11,PIT,NA
2011,11,SD,0
2011,11,SEA,0.002
2011,11,SF,0.24
2011,11,STL,0.002
2011,11,TB,0
2011,11,TEN,0
2011,11,WAS,0
2011,12,ARI,0.001
2011,12,ATL,0.33899999999999997
2011,12,BAL,0.002
2011,12,BUF,0
2011,12,CAR,0.073
2011,12,CHI,0.002
2011,12,CIN,0.16399999999999998
2011,12,CLE,0
2011,12,DAL,0.068
2011,12,DEN,0.001
2011,12,DET,0.002
2011,12,GB,0.009000000000000001
2011,12,HOU,0.027000000000000003
2011,12,IND,0.001
2011,12,JAX,0
2011,12,KC,0
2011,12,MIA,0.001
2011,12,MIN,0
2011,12,NE,0.012
2011,12,NO,0.013000000000000001
2011,12,NYG,0.001
2011,12,NYJ,0.036000000000000004
2011,12,OAK,0.006
2011,12,PHI,0
2011,12,PIT,0.22
2011,12,SD,0.006999999999999999
2011,12,SEA,0.01
2011,12,SF,0.003
2011,12,STL,0.001
2011,12,TB,0.001
2011,12,TEN,0.001
2011,12,WAS,0.001
2011,13,ARI,0
2011,13,ATL,0.004
2011,13,BAL,0.062
2011,13,BUF,0.003
2011,13,CAR,0.001
2011,13,CHI,0.14300000000000002
2011,13,CIN,0
2011,13,CLE,0
2011,13,DAL,0.026000000000000002
2011,13,DEN,0.02
2011,13,DET,0
2011,13,GB,0.01
2011,13,HOU,0.001
2011,13,IND,0
2011,13,JAX,0.001
2011,13,KC,0
2011,13,MIA,0.001
2011,13,MIN,0.001
2011,13,NE,0.281
2011,13,NO,0.025
2011,13,NYG,0
2011,13,NYJ,0.016
2011,13,OAK,0.016
2011,13,PHI,0.009000000000000001
2011,13,PIT,0.009000000000000001
2011,13,SD,0.009000000000000001
2011,13,SEA,0.002
2011,13,SF,0.35700000000000004
2011,13,STL,0
2011,13,TB,0.005
2011,13,TEN,0.001
2011,13,WAS,0
2011,14,ARI,0
2011,14,ATL,0.003
2011,14,BAL,0.366
2011,14,BUF,0
2011,14,CAR,0.001
2011,14,CHI,0.001
2011,14,CIN,0.001
2011,14,CLE,0
2011,14,DAL,0.002
2011,14,DEN,0.013999999999999999
2011,14,DET,0.11
2011,14,GB,0.034
2011,14,HOU,0.003
2011,14,IND,0
2011,14,JAX,0
2011,14,KC,0
2011,14,MIA,0.003
2011,14,MIN,0
2011,14,NE,0.022000000000000002
2011,14,NO,0.015
2011,14,NYG,0.002
2011,14,NYJ,0.098
2011,14,OAK,0.001
2011,14,PHI,0.001
2011,14,PIT,0.154
2011,14,SD,0.012
2011,14,SEA,0.142
2011,14,SF,0.013000000000000001
2011,14,STL,0
2011,14,TB,0.001
2011,14,TEN,0
2011,14,WAS,0
2011,15,ARI,0.08
2011,15,ATL,0.1
2011,15,BAL,0.003
2011,15,BUF,0.003
2011,15,CAR,0
2011,15,CHI,0.004
2011,15,CIN,0.069
2011,15,CLE,NA
2011,15,DAL,0.024
2011,15,DEN,0.001
2011,15,DET,0.004
2011,15,GB,0.135
2011,15,HOU,0.03
2011,15,IND,0
2011,15,JAX,0
2011,15,KC,0
2011,15,MIA,0.001
2011,15,MIN,0
2011,15,NE,0.005
2011,15,NO,0.244
2011,15,NYG,0.055
2011,15,NYJ,0.003
2011,15,OAK,0.001
2011,15,PHI,0.001
2011,15,PIT,0.002
2011,15,SD,0.001
2011,15,SEA,0.001
2011,15,SF,0.001
2011,15,STL,0
2011,15,TB,0
2011,15,TEN,0.23199999999999998
2011,15,WAS,0
2011,16,ARI,0.001
2011,16,ATL,0.002
2011,16,BAL,0.134
2011,16,BUF,0.001
2011,16,CAR,0.141
2011,16,CHI,0.002
2011,16,CIN,0.009000000000000001
2011,16,CLE,0
2011,16,DAL,0.004
2011,16,DEN,0.027999999999999997
2011,16,DET,0.005
2011,16,GB,0.08199999999999999
2011,16,HOU,0.188
2011,16,IND,0.001
2011,16,JAX,0
2011,16,KC,0.004
2011,16,MIA,0
2011,16,MIN,0
2011,16,NE,0.040999999999999995
2011,16,NO,0.02
2011,16,NYG,0.003
2011,16,NYJ,0.002
2011,16,OAK,0.002
2011,16,PHI,0.005
2011,16,PIT,0.171
2011,16,SD,0.003
2011,16,SEA,0.001
2011,16,SF,0.012
2011,16,STL,0
2011,16,TB,0
2011,16,TEN,0.078
2011,16,WAS,0.06
2011,17,ARI,0.004
2011,17,ATL,0.11199999999999999
2011,17,BAL,0.004
2011,17,BUF,0.001
2011,17,CAR,0.001
2011,17,CHI,0.012
2011,17,CIN,0.003
2011,17,CLE,0
2011,17,DAL,0.006
2011,17,DEN,0.055999999999999994
2011,17,DET,0.006999999999999999
2011,17,GB,0.015
2011,17,HOU,0.004
2011,17,IND,0.002
2011,17,JAX,0.034
2011,17,KC,0.002
2011,17,MIA,0.003
2011,17,MIN,0.003
2011,17,NE,0.039
2011,17,NO,0.052000000000000005
2011,17,NYG,0.025
2011,17,NYJ,0.008
2011,17,OAK,0.013999999999999999
2011,17,PHI,0.35200000000000004
2011,17,PIT,0.035
2011,17,SD,0.004
2011,17,SEA,0.006
2011,17,SF,0.19399999999999998
2011,17,STL,0
2011,17,TB,0
2011,17,TEN,0.004
2011,17,WAS,0.001
2012,1,ARI,0.001
2012,1,ATL,0.01
2012,1,BAL,0.031
2012,1,BUF,0.003
2012,1,CAR,0.009000000000000001
2012,1,CHI,0.158
2012,1,CIN,0
2012,1,CLE,0
2012,1,DAL,0.001
2012,1,DEN,0.003
2012,1,DET,0.205
2012,1,GB,0.006
2012,1,HOU,0.34
2012,1,IND,0
2012,1,JAX,0.001
2012,1,KC,0.001
2012,1,MIA,0
2012,1,MIN,0.015
2012,1,NE,0.026000000000000002
2012,1,NO,0.057999999999999996
2012,1,NYG,0.012
2012,1,NYJ,0.004
2012,1,OAK,0.002
2012,1,PHI,0.098
2012,1,PIT,0.001
2012,1,SD,0.003
2012,1,SEA,0.011000000000000001
2012,1,SF,0
2012,1,STL,0
2012,1,TB,0.001
2012,1,TEN,0
2012,1,WAS,0
2012,2,ARI,0
2012,2,ATL,0.002
2012,2,BAL,0.004
2012,2,BUF,0.005
2012,2,CAR,0
2012,2,CHI,0
2012,2,CIN,0.14300000000000002
2012,2,CLE,0
2012,2,DAL,0.024
2012,2,DEN,0.002
2012,2,DET,0
2012,2,GB,0.006999999999999999
2012,2,HOU,0.094
2012,2,IND,0.002
2012,2,JAX,0
2012,2,KC,0.002
2012,2,MIA,0.001
2012,2,MIN,0.006999999999999999
2012,2,NE,0.434
2012,2,NO,0.006999999999999999
2012,2,NYG,0.126
2012,2,NYJ,0
2012,2,OAK,0.016
2012,2,PHI,0.001
2012,2,PIT,0.012
2012,2,SD,0.048
2012,2,SEA,0
2012,2,SF,0.027999999999999997
2012,2,STL,0
2012,2,TB,0
2012,2,TEN,0
2012,2,WAS,0.037000000000000005
2012,3,ARI,0.001
2012,3,ATL,0.002
2012,3,BAL,0.002
2012,3,BUF,0.02
2012,3,CAR,0.003
2012,3,CHI,0.14
2012,3,CIN,0
2012,3,CLE,0.001
2012,3,DAL,0.102
2012,3,DEN,0.001
2012,3,DET,0.036000000000000004
2012,3,GB,0.018000000000000002
2012,3,HOU,0.002
2012,3,IND,0.028999999999999998
2012,3,JAX,0
2012,3,KC,0.001
2012,3,MIA,0
2012,3,MIN,0
2012,3,NE,0.001
2012,3,NO,0.32299999999999995
2012,3,NYG,0.003
2012,3,NYJ,0.012
2012,3,OAK,0
2012,3,PHI,0.006
2012,3,PIT,0.07400000000000001
2012,3,SD,0.002
2012,3,SEA,0
2012,3,SF,0.20600000000000002
2012,3,STL,0
2012,3,TB,0
2012,3,TEN,0
2012,3,WAS,0.013999999999999999
2012,4,ARI,0.11
2012,4,ATL,0.11199999999999999
2012,4,BAL,0.444
2012,4,BUF,0
2012,4,CAR,0
2012,4,CHI,0.001
2012,4,CIN,0.011000000000000001
2012,4,CLE,0.001
2012,4,DAL,0.003
2012,4,DEN,0.047
2012,4,DET,0.009000000000000001
2012,4,GB,0.038
2012,4,HOU,0.162
2012,4,IND,NA
2012,4,JAX,0.001
2012,4,KC,0.003
2012,4,MIA,0
2012,4,MIN,0.001
2012,4,NE,0.022000000000000002
2012,4,NO,0
2012,4,NYG,0.002
2012,4,NYJ,0
2012,4,OAK,0
2012,4,PHI,0.001
2012,4,PIT,NA
2012,4,SD,0.003
2012,4,SEA,0.009000000000000001
2012,4,SF,0.016
2012,4,STL,0.001
2012,4,TB,0.002
2012,4,TEN,0
2012,4,WAS,0.002
2012,5,ARI,0.009000000000000001
2012,5,ATL,0.004
2012,5,BAL,0.031
2012,5,BUF,0
2012,5,CAR,0.006999999999999999
2012,5,CHI,0.043
2012,5,CIN,0.035
2012,5,CLE,0
2012,5,DAL,NA
2012,5,DEN,0
2012,5,DET,NA
2012,5,GB,0.11599999999999999
2012,5,HOU,0.046
2012,5,IND,0
2012,5,JAX,0
2012,5,KC,0
2012,5,MIA,0
2012,5,MIN,0.07
2012,5,NE,0.011000000000000001
2012,5,NO,0.01
2012,5,NYG,0.365
2012,5,NYJ,0
2012,5,OAK,NA
2012,5,PHI,0
2012,5,PIT,0.006
2012,5,SD,0.001
2012,5,SEA,0.001
2012,5,SF,0.244
2012,5,STL,0.001
2012,5,TB,NA
2012,5,TEN,0
2012,5,WAS,0
2012,6,ARI,0.08800000000000001
2012,6,ATL,0.528
2012,6,BAL,0.024
2012,6,BUF,0
2012,6,CAR,NA
2012,6,CHI,NA
2012,6,CIN,0.013999999999999999
2012,6,CLE,0.001
2012,6,DAL,0
2012,6,DEN,0.003
2012,6,DET,0
2012,6,GB,0.001
2012,6,HOU,0.003
2012,6,IND,0.002
2012,6,JAX,NA
2012,6,KC,0
2012,6,MIA,0.017
2012,6,MIN,0.006
2012,6,NE,0.026000000000000002
2012,6,NO,NA
2012,6,NYG,0.001
2012,6,NYJ,0.011000000000000001
2012,6,OAK,0
2012,6,PHI,0.035
2012,6,PIT,0.17800000000000002
2012,6,SD,0.002
2012,6,SEA,0
2012,6,SF,0.015
2012,6,STL,0.002
2012,6,TB,0.040999999999999995
2012,6,TEN,0
2012,6,WAS,0.002
2012,7,ARI,0
2012,7,ATL,NA
2012,7,BAL,0
2012,7,BUF,0.018000000000000002
2012,7,CAR,0
2012,7,CHI,0.064
2012,7,CIN,0.001
2012,7,CLE,0.001
2012,7,DAL,0.012
2012,7,DEN,NA
2012,7,DET,0
2012,7,GB,0.191
2012,7,HOU,0.018000000000000002
2012,7,IND,0.03
2012,7,JAX,0
2012,7,KC,NA
2012,7,MIA,NA
2012,7,MIN,0.095
2012,7,NE,0.35
2012,7,NO,0.011000000000000001
2012,7,NYG,0.031
2012,7,NYJ,0
2012,7,OAK,0.079
2012,7,PHI,NA
2012,7,PIT,0.005
2012,7,SD,NA
2012,7,SEA,0
2012,7,SF,0.09
2012,7,STL,0
2012,7,TB,0.001
2012,7,TEN,0
2012,7,WAS,0
2012,8,ARI,0
2012,8,ATL,0.002
2012,8,BAL,NA
2012,8,BUF,NA
2012,8,CAR,0
2012,8,CHI,0.18
2012,8,CIN,NA
2012,8,CLE,0
2012,8,DAL,0
2012,8,DEN,0.021
2012,8,DET,0.003
2012,8,GB,0.526
2012,8,HOU,NA
2012,8,IND,0
2012,8,JAX,0
2012,8,KC,0.002
2012,8,MIA,0.001
2012,8,MIN,0.091
2012,8,NE,0.063
2012,8,NO,0.001
2012,8,NYG,0.005
2012,8,NYJ,0.006999999999999999
2012,8,OAK,0.003
2012,8,PHI,0.002
2012,8,PIT,0.012
2012,8,SD,0.04
2012,8,SEA,0.002
2012,8,SF,0.027999999999999997
2012,8,STL,0
2012,8,TB,0
2012,8,TEN,0.011000000000000001
2012,8,WAS,0
2012,9,ARI,0
2012,9,ATL,0.011000000000000001
2012,9,BAL,0.045
2012,9,BUF,0
2012,9,CAR,0
2012,9,CHI,0.024
2012,9,CIN,0
2012,9,CLE,0
2012,9,DAL,0
2012,9,DEN,0.049
2012,9,DET,0.065
2012,9,GB,0.08800000000000001
2012,9,HOU,0.32299999999999995
2012,9,IND,0.001
2012,9,JAX,0
2012,9,KC,0
2012,9,MIA,0.002
2012,9,MIN,0
2012,9,NE,NA
2012,9,NO,0.006
2012,9,NYG,0.004
2012,9,NYJ,NA
2012,9,OAK,0.003
2012,9,PHI,0
2012,9,PIT,0
2012,9,SD,0.278
2012,9,SEA,0.063
2012,9,SF,NA
2012,9,STL,NA
2012,9,TB,0.002
2012,9,TEN,0
2012,9,WAS,0.033
2012,10,ARI,NA
2012,10,ATL,0.001
2012,10,BAL,0.078
2012,10,BUF,0
2012,10,CAR,0
2012,10,CHI,0
2012,10,CIN,0
2012,10,CLE,NA
2012,10,DAL,0.001
2012,10,DEN,0.018000000000000002
2012,10,DET,0.002
2012,10,GB,NA
2012,10,HOU,0
2012,10,IND,0.034
2012,10,JAX,0
2012,10,KC,0
2012,10,MIA,0.022000000000000002
2012,10,MIN,0
2012,10,NE,0.09
2012,10,NO,0
2012,10,NYG,0.01
2012,10,NYJ,0
2012,10,OAK,0
2012,10,PHI,0.001
2012,10,PIT,0.5589999999999999
2012,10,SD,0
2012,10,SEA,0.042
2012,10,SF,0.13699999999999998
2012,10,STL,0
2012,10,TB,0.003
2012,10,TEN,0
2012,10,WAS,NA
2012,11,ARI,0
2012,11,ATL,0.10099999999999999
2012,11,BAL,0.004
2012,11,BUF,0.004
2012,11,CAR,0.001
2012,11,CHI,0
2012,11,CIN,0.025
2012,11,CLE,0
2012,11,DAL,0.384
2012,11,DEN,0.16899999999999998
2012,11,DET,0
2012,11,GB,0.003
2012,11,HOU,0.146
2012,11,IND,0
2012,11,JAX,0
2012,11,KC,0
2012,11,MIA,0.001
2012,11,MIN,NA
2012,11,NE,0.051
2012,11,NO,0.075
2012,11,NYG,NA
2012,11,NYJ,0
2012,11,OAK,0
2012,11,PHI,0
2012,11,PIT,0
2012,11,SD,0
2012,11,SEA,NA
2012,11,SF,0.003
2012,11,STL,0.015
2012,11,TB,0.008
2012,11,TEN,NA
2012,11,WAS,0.008
2012,12,ARI,0.006
2012,12,ATL,0.002
2012,12,BAL,0.006
2012,12,BUF,0
2012,12,CAR,0.004
2012,12,CHI,0.018000000000000002
2012,12,CIN,0.327
2012,12,CLE,0.001
2012,12,DAL,0.009000000000000001
2012,12,DEN,0.462
2012,12,DET,0
2012,12,GB,0.001
2012,12,HOU,0.006
2012,12,IND,0.067
2012,12,JAX,0
2012,12,KC,0
2012,12,MIA,0
2012,12,MIN,0
2012,12,NE,0.044000000000000004
2012,12,NO,0.002
2012,12,NYG,0.001
2012,12,NYJ,0
2012,12,OAK,0
2012,12,PHI,0.002
2012,12,PIT,0.004
2012,12,SD,0.001
2012,12,SEA,0.017
2012,12,SF,0.001
2012,12,STL,0.001
2012,12,TB,0.001
2012,12,TEN,0.015
2012,12,WAS,0.001
2012,13,ARI,0
2012,13,ATL,0.003
2012,13,BAL,0.08800000000000001
2012,13,BUF,0.17300000000000001
2012,13,CAR,0.031
2012,13,CHI,0.052000000000000005
2012,13,CIN,0.004
2012,13,CLE,0.002
2012,13,DAL,0.177
2012,13,DEN,0.051
2012,13,DET,0.027000000000000003
2012,13,GB,0.043
2012,13,HOU,0.019
2012,13,IND,0.001
2012,13,JAX,0
2012,13,KC,0
2012,13,MIA,0
2012,13,MIN,0
2012,13,NE,0.092
2012,13,NO,0
2012,13,NYG,0.005
2012,13,NYJ,0.053
2012,13,OAK,0.003
2012,13,PHI,0
2012,13,PIT,0
2012,13,SD,0
2012,13,SEA,0
2012,13,SF,0.17300000000000001
2012,13,STL,0
2012,13,TB,0
2012,13,TEN,0
2012,13,WAS,0.001
2012,14,ARI,0
2012,14,ATL,0.013000000000000001
2012,14,BAL,0.001
2012,14,BUF,0.002
2012,14,CAR,0
2012,14,CHI,0.002
2012,14,CIN,0.001
2012,14,CLE,0.043
2012,14,DAL,0
2012,14,DEN,0.055
2012,14,DET,0
2012,14,GB,0.008
2012,14,HOU,0
2012,14,IND,0.08900000000000001
2012,14,JAX,0
2012,14,KC,0
2012,14,MIA,0
2012,14,MIN,0
2012,14,NE,0.001
2012,14,NO,0
2012,14,NYG,0.003
2012,14,NYJ,0.003
2012,14,OAK,0
2012,14,PHI,0
2012,14,PIT,0.026000000000000002
2012,14,SD,0
2012,14,SEA,0.518
2012,14,SF,0.124
2012,14,STL,0
2012,14,TB,0.10800000000000001
2012,14,TEN,0
2012,14,WAS,0.003
2012,15,ARI,0
2012,15,ATL,0.002
2012,15,BAL,0
2012,15,BUF,0
2012,15,CAR,0.001
2012,15,CHI,0
2012,15,CIN,0.028999999999999998
2012,15,CLE,0.004
2012,15,DAL,0
2012,15,DEN,0.002
2012,15,DET,0.201
2012,15,GB,0.005
2012,15,HOU,0.040999999999999995
2012,15,IND,0
2012,15,JAX,0
2012,15,KC,0
2012,15,MIA,0.5489999999999999
2012,15,MIN,0.003
2012,15,NE,0.015
2012,15,NO,0.035
2012,15,NYG,0.001
2012,15,NYJ,0.003
2012,15,OAK,0.017
2012,15,PHI,0
2012,15,PIT,0.002
2012,15,SD,0.008
2012,15,SEA,0.057
2012,15,SF,0
2012,15,STL,0.009000000000000001
2012,15,TB,0
2012,15,TEN,0.005
2012,15,WAS,0.011000000000000001
2012,16,ARI,0
2012,16,ATL,0.012
2012,16,BAL,0
2012,16,BUF,0
2012,16,CAR,0.4
2012,16,CHI,0.019
2012,16,CIN,0
2012,16,CLE,0
2012,16,DAL,0.001
2012,16,DEN,0.077
2012,16,DET,0
2012,16,GB,0.053
2012,16,HOU,0.006
2012,16,IND,0.24100000000000002
2012,16,JAX,0
2012,16,KC,0.001
2012,16,MIA,0.008
2012,16,MIN,0
2012,16,NE,0.11199999999999999
2012,16,NO,0.002
2012,16,NYG,0.002
2012,16,NYJ,0.002
2012,16,OAK,0
2012,16,PHI,0
2012,16,PIT,0.005
2012,16,SD,0.002
2012,16,SEA,0.001
2012,16,SF,0.002
2012,16,STL,0
2012,16,TB,0.005
2012,16,TEN,0
2012,16,WAS,0.05
2012,17,ARI,0
2012,17,ATL,0.009000000000000001
2012,17,BAL,0.001
2012,17,BUF,0.011000000000000001
2012,17,CAR,0
2012,17,CHI,0.011000000000000001
2012,17,CIN,0.003
2012,17,CLE,0
2012,17,DAL,0.001
2012,17,DEN,0.068
2012,17,DET,0
2012,17,GB,0.002
2012,17,HOU,0.002
2012,17,IND,0
2012,17,JAX,0.001
2012,17,KC,0
2012,17,MIA,0
2012,17,MIN,0.001
2012,17,NE,0.028999999999999998
2012,17,NO,0.162
2012,17,NYG,0.13699999999999998
2012,17,NYJ,0.001
2012,17,OAK,0
2012,17,PHI,0.001
2012,17,PIT,0.067
2012,17,SD,0.122
2012,17,SEA,0.126
2012,17,SF,0.162
2012,17,STL,0
2012,17,TB,0
2012,17,TEN,0.057999999999999996
2012,17,WAS,0.026000000000000002
2013,1,ARI,0.002
2013,1,ATL,0.001
2013,1,BAL,0.002
2013,1,BUF,0.001
2013,1,CAR,0.001
2013,1,CHI,0.006
2013,1,CIN,0.002
2013,1,CLE,0.016
2013,1,DAL,0.003
2013,1,DEN,0.031
2013,1,DET,0.015
2013,1,GB,0.001
2013,1,HOU,0.046
2013,1,IND,0.414
2013,1,JAX,0.001
2013,1,KC,0.042
2013,1,MIA,0.006
2013,1,MIN,0.002
2013,1,NE,0.182
2013,1,NO,0.003
2013,1,NYG,0.002
2013,1,NYJ,0.001
2013,1,OAK,0.001
2013,1,PHI,0.001
2013,1,PIT,0.083
2013,1,SD,0.001
2013,1,SEA,0.021
2013,1,SF,0.005
2013,1,STL,0.02
2013,1,TB,0.08
2013,1,TEN,0.001
2013,1,WAS,0.012
2013,2,ARI,0.001
2013,2,ATL,0.092
2013,2,BAL,0.18
2013,2,BUF,0.004
2013,2,CAR,0.006
2013,2,CHI,0.019
2013,2,CIN,0.036000000000000004
2013,2,CLE,0
2013,2,DAL,0.005
2013,2,DEN,0.008
2013,2,DET,0.01
2013,2,GB,0.047
2013,2,HOU,0.175
2013,2,IND,0.012
2013,2,JAX,0.001
2013,2,KC,0.002
2013,2,MIA,0
2013,2,MIN,0
2013,2,NE,0.182
2013,2,NO,0.03
2013,2,NYG,0
2013,2,NYJ,0.001
2013,2,OAK,0.105
2013,2,PHI,0.077
2013,2,PIT,0.002
2013,2,SD,0
2013,2,SEA,0.001
2013,2,SF,0.002
2013,2,STL,0
2013,2,TB,0
2013,2,TEN,0
2013,2,WAS,0
2013,3,ARI,0
2013,3,ATL,0.006
2013,3,BAL,0
2013,3,BUF,0.005
2013,3,CAR,0
2013,3,CHI,0.009000000000000001
2013,3,CIN,0
2013,3,CLE,0
2013,3,DAL,0.012
2013,3,DEN,0.139
2013,3,DET,0.002
2013,3,GB,0.008
2013,3,HOU,0.001
2013,3,IND,0
2013,3,JAX,0.001
2013,3,KC,0.002
2013,3,MIA,0.001
2013,3,MIN,0.168
2013,3,NE,0.017
2013,3,NO,0.051
2013,3,NYG,0.011000000000000001
2013,3,NYJ,0.002
2013,3,OAK,0
2013,3,PHI,0.006
2013,3,PIT,0.001
2013,3,SD,0.003
2013,3,SEA,0.514
2013,3,SF,0.038
2013,3,STL,0
2013,3,TB,0
2013,3,TEN,0.002
2013,3,WAS,0.002
2013,4,ARI,0.003
2013,4,ATL,0.003
2013,4,BAL,0.027000000000000003
2013,4,BUF,0
2013,4,CAR,NA
2013,4,CHI,0.002
2013,4,CIN,0.10800000000000001
2013,4,CLE,0
2013,4,DAL,0.003
2013,4,DEN,0.341
2013,4,DET,0.002
2013,4,GB,NA
2013,4,HOU,0
2013,4,IND,0.26
2013,4,JAX,0
2013,4,KC,0.046
2013,4,MIA,0
2013,4,MIN,0.002
2013,4,NE,0.001
2013,4,NO,0.12
2013,4,NYG,0.001
2013,4,NYJ,0
2013,4,OAK,0
2013,4,PHI,0
2013,4,PIT,0.006
2013,4,SD,0.001
2013,4,SEA,0.003
2013,4,SF,0.031
2013,4,STL,0
2013,4,TB,0.003
2013,4,TEN,0.023
2013,4,WAS,0.013000000000000001
2013,5,ARI,0.002
2013,5,ATL,0.364
2013,5,BAL,0.001
2013,5,BUF,0.001
2013,5,CAR,0.003
2013,5,CHI,0.002
2013,5,CIN,0
2013,5,CLE,0.012
2013,5,DAL,0
2013,5,DEN,0.038
2013,5,DET,0.001
2013,5,GB,0.054000000000000006
2013,5,HOU,0
2013,5,IND,0
2013,5,JAX,0
2013,5,KC,0.013999999999999999
2013,5,MIA,0.003
2013,5,MIN,NA
2013,5,NE,0.006
2013,5,NO,0.004
2013,5,NYG,0.003
2013,5,NYJ,0
2013,5,OAK,0
2013,5,PHI,0.002
2013,5,PIT,NA
2013,5,SD,0.046
2013,5,SEA,0.002
2013,5,SF,0.017
2013,5,STL,0.424
2013,5,TB,NA
2013,5,TEN,0
2013,5,WAS,NA
2013,6,ARI,0
2013,6,ATL,NA
2013,6,BAL,0
2013,6,BUF,0
2013,6,CAR,0
2013,6,CHI,0.071
2013,6,CIN,0.032
2013,6,CLE,0
2013,6,DAL,0.021
2013,6,DEN,0.261
2013,6,DET,0.004
2013,6,GB,0.001
2013,6,HOU,0.04
2013,6,IND,0.002
2013,6,JAX,0.001
2013,6,KC,0.182
2013,6,MIA,NA
2013,6,MIN,0.005
2013,6,NE,0
2013,6,NO,0.001
2013,6,NYG,0.001
2013,6,NYJ,0.004
2013,6,OAK,0
2013,6,PHI,0.009000000000000001
2013,6,PIT,0.002
2013,6,SD,0.001
2013,6,SEA,0.113
2013,6,SF,0.248
2013,6,STL,0
2013,6,TB,0
2013,6,TEN,0
2013,6,WAS,0
2013,7,ARI,0
2013,7,ATL,0.06
2013,7,BAL,0.002
2013,7,BUF,0
2013,7,CAR,0.017
2013,7,CHI,0.006999999999999999
2013,7,CIN,0
2013,7,CLE,0
2013,7,DAL,0.001
2013,7,DEN,0.005
2013,7,DET,0.002
2013,7,GB,0.434
2013,7,HOU,0.001
2013,7,IND,0
2013,7,JAX,0
2013,7,KC,0.07400000000000001
2013,7,MIA,0.121
2013,7,MIN,0.001
2013,7,NE,0.016
2013,7,NO,NA
2013,7,NYG,0.011000000000000001
2013,7,NYJ,0
2013,7,OAK,NA
2013,7,PHI,0.001
2013,7,PIT,0.001
2013,7,SD,0.212
2013,7,SEA,0.017
2013,7,SF,0.013000000000000001
2013,7,STL,0
2013,7,TB,0
2013,7,TEN,0
2013,7,WAS,0.005
2013,8,ARI,0.006999999999999999
2013,8,ATL,0.002
2013,8,BAL,NA
2013,8,BUF,0
2013,8,CAR,0.037000000000000005
2013,8,CHI,NA
2013,8,CIN,0.02
2013,8,CLE,0
2013,8,DAL,0.001
2013,8,DEN,0.026000000000000002
2013,8,DET,0.001
2013,8,GB,0.043
2013,8,HOU,NA
2013,8,IND,NA
2013,8,JAX,0
2013,8,KC,0.08199999999999999
2013,8,MIA,0
2013,8,MIN,0
2013,8,NE,0.022000000000000002
2013,8,NO,0.326
2013,8,NYG,0
2013,8,NYJ,0
2013,8,OAK,0
2013,8,PHI,0.004
2013,8,PIT,0.005
2013,8,SD,NA
2013,8,SEA,0.031
2013,8,SF,0.391
2013,8,STL,0
2013,8,TB,0.001
2013,8,TEN,NA
2013,8,WAS,0
2013,9,ARI,NA
2013,9,ATL,0.001
2013,9,BAL,0.009000000000000001
2013,9,BUF,0.001
2013,9,CAR,0.044000000000000004
2013,9,CHI,0
2013,9,CIN,0.021
2013,9,CLE,0
2013,9,DAL,0.581
2013,9,DEN,NA
2013,9,DET,NA
2013,9,GB,0.054000000000000006
2013,9,HOU,0.001
2013,9,IND,0.005
2013,9,JAX,NA
2013,9,KC,0.017
2013,9,MIA,0.001
2013,9,MIN,0
2013,9,NE,0.052000000000000005
2013,9,NO,0.046
2013,9,NYG,NA
2013,9,NYJ,0
2013,9,OAK,0.004
2013,9,PHI,0.006999999999999999
2013,9,PIT,0
2013,9,SD,0.002
2013,9,SEA,0.14400000000000002
2013,9,SF,NA
2013,9,STL,0.001
2013,9,TB,0
2013,9,TEN,0.003
2013,9,WAS,0.006
2013,10,ARI,0.005
2013,10,ATL,0
2013,10,BAL,0.001
2013,10,BUF,0
2013,10,CAR,0
2013,10,CHI,0.001
2013,10,CIN,0.006999999999999999
2013,10,CLE,NA
2013,10,DAL,0
2013,10,DEN,0.012
2013,10,DET,0.002
2013,10,GB,0.005
2013,10,HOU,0.002
2013,10,IND,0.096
2013,10,JAX,0.001
2013,10,KC,NA
2013,10,MIA,0.008
2013,10,MIN,0.001
2013,10,NE,NA
2013,10,NO,0.016
2013,10,NYG,0.109
2013,10,NYJ,NA
2013,10,OAK,0
2013,10,PHI,0.002
2013,10,PIT,0.009000000000000001
2013,10,SD,0
2013,10,SEA,0.005
2013,10,SF,0.02
2013,10,STL,0
2013,10,TB,0.001
2013,10,TEN,0.6859999999999999
2013,10,WAS,0.011000000000000001
2013,11,ARI,0.28600000000000003
2013,11,ATL,0.006999999999999999
2013,11,BAL,0.001
2013,11,BUF,0.011000000000000001
2013,11,CAR,0.002
2013,11,CHI,0.01
2013,11,CIN,0.20800000000000002
2013,11,CLE,0.001
2013,11,DAL,NA
2013,11,DEN,0.018000000000000002
2013,11,DET,0.024
2013,11,GB,0.006
2013,11,HOU,0.14800000000000002
2013,11,IND,0.012
2013,11,JAX,0.001
2013,11,KC,0.001
2013,11,MIA,0.003
2013,11,MIN,0
2013,11,NE,0.011000000000000001
2013,11,NO,0.011000000000000001
2013,11,NYG,0.05
2013,11,NYJ,0.01
2013,11,OAK,0.001
2013,11,PHI,0.025
2013,11,PIT,0.003
2013,11,SD,0.01
2013,11,SEA,0.138
2013,11,SF,0
2013,11,STL,NA
2013,11,TB,0.001
2013,11,TEN,0.001
2013,11,WAS,0.001
2013,12,ARI,0.002
2013,12,ATL,0
2013,12,BAL,0.051
2013,12,BUF,NA
2013,12,CAR,0.037000000000000005
2013,12,CHI,0.013000000000000001
2013,12,CIN,NA
2013,12,CLE,0.002
2013,12,DAL,0.002
2013,12,DEN,0.002
2013,12,DET,0.48700000000000004
2013,12,GB,0.016
2013,12,HOU,0.155
2013,12,IND,0.003
2013,12,JAX,0.001
2013,12,KC,0.047
2013,12,MIA,0.004
2013,12,MIN,0
2013,12,NE,0.001
2013,12,NO,0.132
2013,12,NYG,0.004
2013,12,NYJ,0
2013,12,OAK,0.005
2013,12,PHI,NA
2013,12,PIT,0.009000000000000001
2013,12,SD,0.001
2013,12,SEA,NA
2013,12,SF,0.018000000000000002
2013,12,STL,0.005
2013,12,TB,0.001
2013,12,TEN,0.003
2013,12,WAS,0.001
2013,13,ARI,0.002
2013,13,ATL,0.005
2013,13,BAL,0.006999999999999999
2013,13,BUF,0.017
2013,13,CAR,0.27899999999999997
2013,13,CHI,0.01
2013,13,CIN,0.003
2013,13,CLE,0.09699999999999999
2013,13,DAL,0.191
2013,13,DEN,0.005
2013,13,DET,0.034
2013,13,GB,0.003
2013,13,HOU,0
2013,13,IND,0.011000000000000001
2013,13,JAX,0.001
2013,13,KC,0.001
2013,13,MIA,0.005
2013,13,MIN,0.013000000000000001
2013,13,NE,0.21
2013,13,NO,0.001
2013,13,NYG,0.004
2013,13,NYJ,0.003
2013,13,OAK,0.001
2013,13,PHI,0.017
2013,13,PIT,0.002
2013,13,SD,0.004
2013,13,SEA,0.002
2013,13,SF,0.067
2013,13,STL,0
2013,13,TB,0.001
2013,13,TEN,0
2013,13,WAS,0.003
2013,14,ARI,0.059000000000000004
2013,14,ATL,0.001
2013,14,BAL,0.271
2013,14,BUF,0.005
2013,14,CAR,0.001
2013,14,CHI,0.016
2013,14,CIN,0.027000000000000003
2013,14,CLE,0
2013,14,DAL,0.005
2013,14,DEN,0.163
2013,14,DET,0.005
2013,14,GB,0.013999999999999999
2013,14,HOU,0.022000000000000002
2013,14,IND,0.001
2013,14,JAX,0.005
2013,14,KC,0.054000000000000006
2013,14,MIA,0.004
2013,14,MIN,0
2013,14,NE,0.21
2013,14,NO,0.025
2013,14,NYG,0.005
2013,14,NYJ,0.019
2013,14,OAK,0.003
2013,14,PHI,0.008
2013,14,PIT,0.026000000000000002
2013,14,SD,0.019
2013,14,SEA,0.002
2013,14,SF,0.001
2013,14,STL,0.001
2013,14,TB,0.019
2013,14,TEN,0
2013,14,WAS,0.01
2013,15,ARI,0.006999999999999999
2013,15,ATL,0.06
2013,15,BAL,0.001
2013,15,BUF,0.047
2013,15,CAR,0.244
2013,15,CHI,0.049
2013,15,CIN,0.01
2013,15,CLE,0.013000000000000001
2013,15,DAL,0.006
2013,15,DEN,0.055
2013,15,DET,0.03
2013,15,GB,0.002
2013,15,HOU,0
2013,15,IND,0.040999999999999995
2013,15,JAX,0.006999999999999999
2013,15,KC,0.085
2013,15,MIA,0.002
2013,15,MIN,0.006
2013,15,NE,0.006999999999999999
2013,15,NO,0.047
2013,15,NYG,0.001
2013,15,NYJ,0.002
2013,15,OAK,0.001
2013,15,PHI,0.204
2013,15,PIT,0.003
2013,15,SD,0.001
2013,15,SEA,0.018000000000000002
2013,15,SF,0.045
2013,15,STL,0
2013,15,TB,0
2013,15,TEN,0.006
2013,15,WAS,0.001
2013,16,ARI,0
2013,16,ATL,0.001
2013,16,BAL,0.002
2013,16,BUF,0.006
2013,16,CAR,0.001
2013,16,CHI,0.008
2013,16,CIN,0.141
2013,16,CLE,0.006
2013,16,DAL,0.006999999999999999
2013,16,DEN,0.05
2013,16,DET,0.081
2013,16,GB,0.031
2013,16,HOU,0
2013,16,IND,0.003
2013,16,JAX,0.001
2013,16,KC,0.021
2013,16,MIA,0.023
2013,16,MIN,0.003
2013,16,NE,0.003
2013,16,NO,0.006
2013,16,NYG,0.003
2013,16,NYJ,0.027000000000000003
2013,16,OAK,0.001
2013,16,PHI,0.009000000000000001
2013,16,PIT,0.002
2013,16,SD,0.309
2013,16,SEA,0.038
2013,16,SF,0.161
2013,16,STL,0.025
2013,16,TB,0.003
2013,16,TEN,0.025
2013,16,WAS,0.004
2013,17,ARI,0.001
2013,17,ATL,0.013999999999999999
2013,17,BAL,0.002
2013,17,BUF,0
2013,17,CAR,0.024
2013,17,CHI,0.008
2013,17,CIN,0.013999999999999999
2013,17,CLE,0.002
2013,17,DAL,0.013999999999999999
2013,17,DEN,0.036000000000000004
2013,17,DET,0.018000000000000002
2013,17,GB,0.006999999999999999
2013,17,HOU,0.003
2013,17,IND,0.10400000000000001
2013,17,JAX,0.001
2013,17,KC,0.006
2013,17,MIA,0.075
2013,17,MIN,0.008
2013,17,NE,0.046
2013,17,NO,0.134
2013,17,NYG,0.019
2013,17,NYJ,0.003
2013,17,OAK,0.001
2013,17,PHI,0.057999999999999996
2013,17,PIT,0.292
2013,17,SD,0.027999999999999997
2013,17,SEA,0.024
2013,17,SF,0.017
2013,17,STL,0.001
2013,17,TB,0.001
2013,17,TEN,0.036000000000000004
2013,17,WAS,0.005
2014,1,ARI,0.004
2014,1,ATL,0
2014,1,BAL,0.003
2014,1,BUF,0
2014,1,CAR,0.003
2014,1,CHI,0.193
2014,1,CIN,0.001
2014,1,CLE,0
2014,1,DAL,0
2014,1,DEN,0.035
2014,1,DET,0.032
2014,1,GB,0.001
2014,1,HOU,0.004
2014,1,IND,0
2014,1,JAX,0.001
2014,1,KC,0.037000000000000005
2014,1,MIA,0
2014,1,MIN,0.006
2014,1,NE,0.027999999999999997
2014,1,NO,0.006999999999999999
2014,1,NYG,0.001
2014,1,NYJ,0.065
2014,1,OAK,0.001
2014,1,PHI,0.428
2014,1,PIT,0.106
2014,1,SD,0.002
2014,1,SEA,0.013000000000000001
2014,1,SF,0.013000000000000001
2014,1,STL,0.004
2014,1,TB,0.008
2014,1,TEN,0
2014,1,WAS,0.002
2014,2,ARI,0.009000000000000001
2014,2,ATL,0.001
2014,2,BAL,0.002
2014,2,BUF,0.002
2014,2,CAR,0.001
2014,2,CHI,0
2014,2,CIN,0.008
2014,2,CLE,0
2014,2,DAL,0.002
2014,2,DEN,0.271
2014,2,DET,0.003
2014,2,GB,0.281
2014,2,HOU,0.019
2014,2,IND,0.004
2014,2,JAX,0.001
2014,2,KC,0
2014,2,MIA,0.006999999999999999
2014,2,MIN,0
2014,2,NE,0.027000000000000003
2014,2,NO,0.133
2014,2,NYG,0.003
2014,2,NYJ,0
2014,2,OAK,0.001
2014,2,PHI,0.001
2014,2,PIT,0.003
2014,2,SD,0
2014,2,SEA,0.023
2014,2,SF,0.067
2014,2,STL,0
2014,2,TB,0.071
2014,2,TEN,0.013000000000000001
2014,2,WAS,0.046
2014,3,ARI,0
2014,3,ATL,0.063
2014,3,BAL,0.004
2014,3,BUF,0.002
2014,3,CAR,0.006
2014,3,CHI,0.003
2014,3,CIN,0.052000000000000005
2014,3,CLE,0.001
2014,3,DAL,0.01
2014,3,DEN,0
2014,3,DET,0.001
2014,3,GB,0.001
2014,3,HOU,0.004
2014,3,IND,0.095
2014,3,JAX,0
2014,3,KC,0.001
2014,3,MIA,0.006
2014,3,MIN,0
2014,3,NE,0.529
2014,3,NO,0.20199999999999999
2014,3,NYG,0.002
2014,3,NYJ,0.001
2014,3,OAK,0
2014,3,PHI,0.011000000000000001
2014,3,PIT,0
2014,3,SD,0.002
2014,3,SEA,0.001
2014,3,SF,0.002
2014,3,STL,0
2014,3,TB,0
2014,3,TEN,0
2014,3,WAS,0
2014,4,ARI,NA
2014,4,ATL,0.027000000000000003
2014,4,BAL,0.005
2014,4,BUF,0
2014,4,CAR,0
2014,4,CHI,0.001
2014,4,CIN,NA
2014,4,CLE,NA
2014,4,DAL,0
2014,4,DEN,NA
2014,4,DET,0.005
2014,4,GB,0.003
2014,4,HOU,0.003
2014,4,IND,0.166
2014,4,JAX,0.001
2014,4,KC,0.001
2014,4,MIA,0.011000000000000001
2014,4,MIN,0
2014,4,NE,0.003
2014,4,NO,0.003
2014,4,NYG,0.001
2014,4,NYJ,0
2014,4,OAK,0.001
2014,4,PHI,0.001
2014,4,PIT,0.177
2014,4,SD,0.5760000000000001
2014,4,SEA,NA
2014,4,SF,0.005
2014,4,STL,NA
2014,4,TB,0
2014,4,TEN,0
2014,4,WAS,0.009000000000000001
2014,5,ARI,0
2014,5,ATL,0.001
2014,5,BAL,0
2014,5,BUF,0
2014,5,CAR,0.001
2014,5,CHI,0.001
2014,5,CIN,0.003
2014,5,CLE,0.003
2014,5,DAL,0.013999999999999999
2014,5,DEN,0.034
2014,5,DET,0.113
2014,5,GB,0.17
2014,5,HOU,0
2014,5,IND,0.002
2014,5,JAX,0
2014,5,KC,0
2014,5,MIA,NA
2014,5,MIN,0
2014,5,NE,0.001
2014,5,NO,0.324
2014,5,NYG,0.006999999999999999
2014,5,NYJ,0
2014,5,OAK,NA
2014,5,PHI,0.084
2014,5,PIT,0.086
2014,5,SD,0.044000000000000004
2014,5,SEA,0.099
2014,5,SF,0.008
2014,5,STL,0
2014,5,TB,0
2014,5,TEN,0.003
2014,5,WAS,0
2014,6,ARI,0.085
2014,6,ATL,0.005
2014,6,BAL,0.023
2014,6,BUF,0
2014,6,CAR,0
2014,6,CHI,0
2014,6,CIN,0.124
2014,6,CLE,0.003
2014,6,DAL,0
2014,6,DEN,0.305
2014,6,DET,0.004
2014,6,GB,0.022000000000000002
2014,6,HOU,0.001
2014,6,IND,0.01
2014,6,JAX,0.001
2014,6,KC,NA
2014,6,MIA,0
2014,6,MIN,0.001
2014,6,NE,0.006
2014,6,NO,NA
2014,6,NYG,0
2014,6,NYJ,0
2014,6,OAK,0
2014,6,PHI,0.002
2014,6,PIT,0.002
2014,6,SD,0.094
2014,6,SEA,0.19399999999999998
2014,6,SF,0.059000000000000004
2014,6,STL,0
2014,6,TB,0
2014,6,TEN,0.057
2014,6,WAS,0
2014,7,ARI,0.081
2014,7,ATL,0
2014,7,BAL,0.136
2014,7,BUF,0.051
2014,7,CAR,0
2014,7,CHI,0.024
2014,7,CIN,0
2014,7,CLE,0.106
2014,7,DAL,0.052000000000000005
2014,7,DEN,0.006
2014,7,DET,0.002
2014,7,GB,0.065
2014,7,HOU,0.001
2014,7,IND,0.006999999999999999
2014,7,JAX,0.001
2014,7,KC,0
2014,7,MIA,0
2014,7,MIN,0.001
2014,7,NE,0.204
2014,7,NO,0.001
2014,7,NYG,0
2014,7,NYJ,0
2014,7,OAK,0
2014,7,PHI,NA
2014,7,PIT,0.005
2014,7,SD,0.005
2014,7,SEA,0.235
2014,7,SF,0
2014,7,STL,0
2014,7,TB,NA
2014,7,TEN,0
2014,7,WAS,0.018000000000000002
2014,8,ARI,0.001
2014,8,ATL,0.001
2014,8,BAL,0.002
2014,8,BUF,0.002
2014,8,CAR,0
2014,8,CHI,0
2014,8,CIN,0.004
2014,8,CLE,0.127
2014,8,DAL,0.452
2014,8,DEN,0.033
2014,8,DET,0.013000000000000001
2014,8,GB,0.003
2014,8,HOU,0.013000000000000001
2014,8,IND,0.01
2014,8,JAX,0
2014,8,KC,0.16899999999999998
2014,8,MIA,0.12
2014,8,MIN,0.001
2014,8,NE,0.022000000000000002
2014,8,NO,0.001
2014,8,NYG,NA
2014,8,NYJ,0.008
2014,8,OAK,0
2014,8,PHI,0.001
2014,8,PIT,0
2014,8,SD,0
2014,8,SEA,0.013000000000000001
2014,8,SF,NA
2014,8,STL,0
2014,8,TB,0.003
2014,8,TEN,0.001
2014,8,WAS,0
2014,9,ARI,0.002
2014,9,ATL,NA
2014,9,BAL,0.001
2014,9,BUF,NA
2014,9,CAR,0.001
2014,9,CHI,NA
2014,9,CIN,0.40299999999999997
2014,9,CLE,0.024
2014,9,DAL,0.002
2014,9,DEN,0.001
2014,9,DET,NA
2014,9,GB,NA
2014,9,HOU,0
2014,9,IND,0.005
2014,9,JAX,0
2014,9,KC,0.105
2014,9,MIA,0.001
2014,9,MIN,0.002
2014,9,NE,0
2014,9,NO,0.004
2014,9,NYG,0
2014,9,NYJ,0
2014,9,OAK,0
2014,9,PHI,0.002
2014,9,PIT,0.005
2014,9,SD,0.002
2014,9,SEA,0.33299999999999996
2014,9,SF,0.105
2014,9,STL,0
2014,9,TB,0.001
2014,9,TEN,NA
2014,9,WAS,0.001
2014,10,ARI,0.134
2014,10,ATL,0.01
2014,10,BAL,0.366
2014,10,BUF,0.001
2014,10,CAR,0.001
2014,10,CHI,0
2014,10,CIN,0.035
2014,10,CLE,0.001
2014,10,DAL,0.09300000000000001
2014,10,DEN,0.135
2014,10,DET,0.009000000000000001
2014,10,GB,0.032
2014,10,HOU,NA
2014,10,IND,NA
2014,10,JAX,0
2014,10,KC,0.006
2014,10,MIA,0.001
2014,10,MIN,NA
2014,10,NE,NA
2014,10,NO,0.003
2014,10,NYG,0
2014,10,NYJ,0
2014,10,OAK,0
2014,10,PHI,0.011000000000000001
2014,10,PIT,0.084
2014,10,SD,NA
2014,10,SEA,0.077
2014,10,SF,0
2014,10,STL,0
2014,10,TB,0.001
2014,10,TEN,0
2014,10,WAS,NA
2014,11,ARI,0.004
2014,11,ATL,0.002
2014,11,BAL,NA
2014,11,BUF,0.001
2014,11,CAR,0.009000000000000001
2014,11,CHI,0.040999999999999995
2014,11,CIN,0
2014,11,CLE,0.026000000000000002
2014,11,DAL,NA
2014,11,DEN,0.11900000000000001
2014,11,DET,0.003
2014,11,GB,0.022000000000000002
2014,11,HOU,0.003
2014,11,IND,0.002
2014,11,JAX,NA
2014,11,KC,0.001
2014,11,MIA,0.043
2014,11,MIN,0.001
2014,11,NE,0.001
2014,11,NO,0.084
2014,11,NYG,0
2014,11,NYJ,NA
2014,11,OAK,0
2014,11,PHI,0
2014,11,PIT,0.153
2014,11,SD,0.17
2014,11,SEA,0.002
2014,11,SF,0.04
2014,11,STL,0
2014,11,TB,0
2014,11,TEN,0
2014,11,WAS,0.27399999999999997
2014,12,ARI,0
2014,12,ATL,0.016
2014,12,BAL,0
2014,12,BUF,0.008
2014,12,CAR,NA
2014,12,CHI,0.036000000000000004
2014,12,CIN,0.002
2014,12,CLE,0.001
2014,12,DAL,0.005
2014,12,DEN,0.013999999999999999
2014,12,DET,0
2014,12,GB,0.047
2014,12,HOU,0.005
2014,12,IND,0.42
2014,12,JAX,0
2014,12,KC,0.11699999999999999
2014,12,MIA,0
2014,12,MIN,0
2014,12,NE,0.012
2014,12,NO,0.003
2014,12,NYG,0.001
2014,12,NYJ,0.001
2014,12,OAK,0.001
2014,12,PHI,0.11699999999999999
2014,12,PIT,NA
2014,12,SD,0.006
2014,12,SEA,0.004
2014,12,SF,0.18
2014,12,STL,0.001
2014,12,TB,0
2014,12,TEN,0
2014,12,WAS,0
2014,13,ARI,0.013000000000000001
2014,13,ATL,0.006
2014,13,BAL,0.012
2014,13,BUF,0.008
2014,13,CAR,0.011000000000000001
2014,13,CHI,0.002
2014,13,CIN,0.055
2014,13,CLE,0.001
2014,13,DAL,0.005
2014,13,DEN,0.003
2014,13,DET,0.10300000000000001
2014,13,GB,0.001
2014,13,HOU,0.111
2014,13,IND,0.162
2014,13,JAX,0.001
2014,13,KC,0
2014,13,MIA,0.06
2014,13,MIN,0.004
2014,13,NE,0.001
2014,13,NO,0.002
2014,13,NYG,0.09300000000000001
2014,13,NYJ,0.003
2014,13,OAK,0.001
2014,13,PHI,0.002
2014,13,PIT,0.008
2014,13,SD,0
2014,13,SEA,0.001
2014,13,SF,0.001
2014,13,STL,0.332
2014,13,TB,0
2014,13,TEN,0
2014,13,WAS,0
2014,14,ARI,0.004
2014,14,ATL,0
2014,14,BAL,0.004
2014,14,BUF,0
2014,14,CAR,0
2014,14,CHI,0.005
2014,14,CIN,0.002
2014,14,CLE,0
2014,14,DAL,0.008
2014,14,DEN,0.051
2014,14,DET,0.392
2014,14,GB,0.11199999999999999
2014,14,HOU,0.06
2014,14,IND,0.006
2014,14,JAX,0.001
2014,14,KC,0.001
2014,14,MIA,0.002
2014,14,MIN,0.047
2014,14,NE,0.004
2014,14,NO,0.078
2014,14,NYG,0.006999999999999999
2014,14,NYJ,0.001
2014,14,OAK,0.001
2014,14,PHI,0.001
2014,14,PIT,0.001
2014,14,SD,0
2014,14,SEA,0.001
2014,14,SF,0.196
2014,14,STL,0.005
2014,14,TB,0
2014,14,TEN,0.002
2014,14,WAS,0.006999999999999999
2014,15,ARI,0.009000000000000001
2014,15,ATL,0.003
2014,15,BAL,0.324
2014,15,BUF,0.001
2014,15,CAR,0.034
2014,15,CHI,0.001
2014,15,CIN,0.004
2014,15,CLE,0.002
2014,15,DAL,0.001
2014,15,DEN,0.002
2014,15,DET,0.059000000000000004
2014,15,GB,0.021
2014,15,HOU,0.001
2014,15,IND,0.011000000000000001
2014,15,JAX,0
2014,15,KC,0.281
2014,15,MIA,0
2014,15,MIN,0.001
2014,15,NE,0.055
2014,15,NO,0.002
2014,15,NYG,0.10300000000000001
2014,15,NYJ,0.006999999999999999
2014,15,OAK,0.001
2014,15,PHI,0.004
2014,15,PIT,0.005
2014,15,SD,0
2014,15,SEA,0.054000000000000006
2014,15,SF,0
2014,15,STL,0.01
2014,15,TB,0.001
2014,15,TEN,0.002
2014,15,WAS,0.001
2014,16,ARI,0.001
2014,16,ATL,0.001
2014,16,BAL,0.006999999999999999
2014,16,BUF,0.22899999999999998
2014,16,CAR,0.07
2014,16,CHI,0.003
2014,16,CIN,0
2014,16,CLE,0.001
2014,16,DAL,0.005
2014,16,DEN,0.005
2014,16,DET,0.034
2014,16,GB,0.149
2014,16,HOU,0.001
2014,16,IND,0.002
2014,16,JAX,0.024
2014,16,KC,0.001
2014,16,MIA,0.136
2014,16,MIN,0.002
2014,16,NE,0.11900000000000001
2014,16,NO,0.031
2014,16,NYG,0.006999999999999999
2014,16,NYJ,0
2014,16,OAK,0.005
2014,16,PHI,0.07200000000000001
2014,16,PIT,0.019
2014,16,SD,0
2014,16,SEA,0.031
2014,16,SF,0.008
2014,16,STL,0.027000000000000003
2014,16,TB,0
2014,16,TEN,0.01
2014,16,WAS,0.001
2014,17,ARI,0.001
2014,17,ATL,0.028999999999999998
2014,17,BAL,0.038
2014,17,BUF,0.001
2014,17,CAR,0.004
2014,17,CHI,0.006999999999999999
2014,17,CIN,0.002
2014,17,CLE,0.001
2014,17,DAL,0.053
2014,17,DEN,0.135
2014,17,DET,0
2014,17,GB,0.006
2014,17,HOU,0.381
2014,17,IND,0.017
2014,17,JAX,0.002
2014,17,KC,0.006
2014,17,MIA,0.05
2014,17,MIN,0.04
2014,17,NE,0.017
2014,17,NO,0.027999999999999997
2014,17,NYG,0.006999999999999999
2014,17,NYJ,0.003
2014,17,OAK,0.002
2014,17,PHI,0.004
2014,17,PIT,0.013000000000000001
2014,17,SD,0.002
2014,17,SEA,0.131
2014,17,SF,0.016
2014,17,STL,0.001
2014,17,TB,0.002
2014,17,TEN,0.001
2014,17,WAS,0.003
2015,1,ARI,0.013999999999999999
2015,1,ATL,0.001
2015,1,BAL,0
2015,1,BUF,0.001
2015,1,CAR,0.084
2015,1,CHI,0
2015,1,CIN,0.044000000000000004
2015,1,CLE,0.002
2015,1,DAL,0.09699999999999999
2015,1,DEN,0.047
2015,1,DET,0.001
2015,1,GB,0.223
2015,1,HOU,0.006
2015,1,IND,0.028999999999999998
2015,1,JAX,0.002
2015,1,KC,0.004
2015,1,MIA,0.149
2015,1,MIN,0.012
2015,1,NE,0.09699999999999999
2015,1,NO,0.001
2015,1,NYG,0.001
2015,1,NYJ,0.076
2015,1,OAK,0.002
2015,1,PHI,0.013999999999999999
2015,1,PIT,0.001
2015,1,SD,0.015
2015,1,SEA,0.048
2015,1,SF,0.004
2015,1,STL,0
2015,1,TB,0.023
2015,1,TEN,0.002
2015,1,WAS,0.001
2015,2,ARI,0.009000000000000001
2015,2,ATL,0.001
2015,2,BAL,0.15
2015,2,BUF,0.001
2015,2,CAR,0.01
2015,2,CHI,0.001
2015,2,CIN,0.006999999999999999
2015,2,CLE,0.003
2015,2,DAL,0.001
2015,2,DEN,0.002
2015,2,DET,0.003
2015,2,GB,0.003
2015,2,HOU,0.001
2015,2,IND,0.069
2015,2,JAX,0
2015,2,KC,0.006
2015,2,MIA,0.126
2015,2,MIN,0.002
2015,2,NE,0.004
2015,2,NO,0.45299999999999996
2015,2,NYG,0.004
2015,2,NYJ,0
2015,2,OAK,0
2015,2,PHI,0.008
2015,2,PIT,0.057
2015,2,SD,0.001
2015,2,SEA,0
2015,2,SF,0
2015,2,STL,0.053
2015,2,TB,0
2015,2,TEN,0.024
2015,2,WAS,0
2015,3,ARI,0.055
2015,3,ATL,0.015
2015,3,BAL,0.003
2015,3,BUF,0.003
2015,3,CAR,0.046
2015,3,CHI,0.001
2015,3,CIN,0.002
2015,3,CLE,0.01
2015,3,DAL,0.002
2015,3,DEN,0.012
2015,3,DET,0
2015,3,GB,0.024
2015,3,HOU,0.036000000000000004
2015,3,IND,0.016
2015,3,JAX,0
2015,3,KC,0.001
2015,3,MIA,0.001
2015,3,MIN,0.002
2015,3,NE,0.327
2015,3,NO,0.001
2015,3,NYG,0.028999999999999998
2015,3,NYJ,0.009000000000000001
2015,3,OAK,0.002
2015,3,PHI,0.003
2015,3,PIT,0.011000000000000001
2015,3,SD,0.002
2015,3,SEA,0.386
2015,3,SF,0
2015,3,STL,0
2015,3,TB,0.001
2015,3,TEN,0
2015,3,WAS,0.001
2015,4,ARI,0.14800000000000002
2015,4,ATL,0.098
2015,4,BAL,0.006
2015,4,BUF,0.021
2015,4,CAR,0.023
2015,4,CHI,0.004
2015,4,CIN,0.012
2015,4,CLE,0
2015,4,DAL,0.003
2015,4,DEN,0.057999999999999996
2015,4,DET,0
2015,4,GB,0.127
2015,4,HOU,0
2015,4,IND,0.15
2015,4,JAX,0
2015,4,KC,0.001
2015,4,MIA,0.002
2015,4,MIN,0
2015,4,NE,NA
2015,4,NO,0.002
2015,4,NYG,0.001
2015,4,NYJ,0.003
2015,4,OAK,0.027999999999999997
2015,4,PHI,0.009000000000000001
2015,4,PIT,0.002
2015,4,SD,0.172
2015,4,SEA,0.129
2015,4,SF,0
2015,4,STL,0
2015,4,TB,0
2015,4,TEN,NA
2015,4,WAS,0
2015,5,ARI,0.016
2015,5,ATL,0.23600000000000002
2015,5,BAL,0.066
2015,5,BUF,0.012
2015,5,CAR,NA
2015,5,CHI,0
2015,5,CIN,0.004
2015,5,CLE,0
2015,5,DAL,0
2015,5,DEN,0.039
2015,5,DET,0.001
2015,5,GB,0.11800000000000001
2015,5,HOU,0.01
2015,5,IND,0.003
2015,5,JAX,0.002
2015,5,KC,0.259
2015,5,MIA,NA
2015,5,MIN,NA
2015,5,NE,0.083
2015,5,NO,0.001
2015,5,NYG,0.131
2015,5,NYJ,NA
2015,5,OAK,0
2015,5,PHI,0.006999999999999999
2015,5,PIT,0.001
2015,5,SD,0.004
2015,5,SEA,0.001
2015,5,SF,0
2015,5,STL,0
2015,5,TB,0.005
2015,5,TEN,0.001
2015,5,WAS,0
2015,6,ARI,0.024
2015,6,ATL,0.031
2015,6,BAL,0.005
2015,6,BUF,0.001
2015,6,CAR,0.001
2015,6,CHI,0.003
2015,6,CIN,0.037000000000000005
2015,6,CLE,0
2015,6,DAL,NA
2015,6,DEN,0.149
2015,6,DET,0.017
2015,6,GB,0.25
2015,6,HOU,0.011000000000000001
2015,6,IND,0
2015,6,JAX,0.003
2015,6,KC,0.001
2015,6,MIA,0.004
2015,6,MIN,0.07200000000000001
2015,6,NE,0.10400000000000001
2015,6,NO,0.002
2015,6,NYG,0.002
2015,6,NYJ,0.19699999999999998
2015,6,OAK,NA
2015,6,PHI,0.009000000000000001
2015,6,PIT,0.002
2015,6,SD,0
2015,6,SEA,0.066
2015,6,SF,0.002
2015,6,STL,NA
2015,6,TB,NA
2015,6,TEN,0.006
2015,6,WAS,0
2015,7,ARI,0.34700000000000003
2015,7,ATL,0.127
2015,7,BAL,0
2015,7,BUF,0.083
2015,7,CAR,0.021
2015,7,CHI,NA
2015,7,CIN,NA
2015,7,CLE,0.001
2015,7,DAL,0.001
2015,7,DEN,NA
2015,7,DET,0.002
2015,7,GB,NA
2015,7,HOU,0.001
2015,7,IND,0.033
2015,7,JAX,0.001
2015,7,KC,0.001
2015,7,MIA,0.026000000000000002
2015,7,MIN,0.006999999999999999
2015,7,NE,0.066
2015,7,NO,0
2015,7,NYG,0.013000000000000001
2015,7,NYJ,0
2015,7,OAK,0
2015,7,PHI,0.001
2015,7,PIT,0.021
2015,7,SD,0.076
2015,7,SEA,0.035
2015,7,SF,0.001
2015,7,STL,0.122
2015,7,TB,0.001
2015,7,TEN,0
2015,7,WAS,0.011000000000000001
2015,8,ARI,0.17800000000000002
2015,8,ATL,0.19
2015,8,BAL,0.008
2015,8,BUF,NA
2015,8,CAR,0.102
2015,8,CHI,0.002
2015,8,CIN,0.012
2015,8,CLE,0
2015,8,DAL,0
2015,8,DEN,0.001
2015,8,DET,0.001
2015,8,GB,0.004
2015,8,HOU,0.016
2015,8,IND,0.002
2015,8,JAX,NA
2015,8,KC,0.027999999999999997
2015,8,MIA,0.001
2015,8,MIN,0.013999999999999999
2015,8,NE,0.08199999999999999
2015,8,NO,0.01
2015,8,NYG,0.001
2015,8,NYJ,0.015
2015,8,OAK,0.002
2015,8,PHI,NA
2015,8,PIT,0.004
2015,8,SD,0.002
2015,8,SEA,0.039
2015,8,SF,0.001
2015,8,STL,0.28300000000000003
2015,8,TB,0
2015,8,TEN,0.001
2015,8,WAS,NA
2015,9,ARI,NA
2015,9,ATL,0.026000000000000002
2015,9,BAL,NA
2015,9,BUF,0.005
2015,9,CAR,0
2015,9,CHI,0.001
2015,9,CIN,0.42100000000000004
2015,9,CLE,0.001
2015,9,DAL,0.001
2015,9,DEN,0.024
2015,9,DET,NA
2015,9,GB,0.005
2015,9,HOU,NA
2015,9,IND,0
2015,9,JAX,0
2015,9,KC,NA
2015,9,MIA,0.001
2015,9,MIN,0.005
2015,9,NE,0.125
2015,9,NO,0.242
2015,9,NYG,0.011000000000000001
2015,9,NYJ,0.07200000000000001
2015,9,OAK,0
2015,9,PHI,0.003
2015,9,PIT,0.038
2015,9,SD,0.013999999999999999
2015,9,SEA,NA
2015,9,SF,0.001
2015,9,STL,0.001
2015,9,TB,0
2015,9,TEN,0
2015,9,WAS,0
2015,10,ARI,0
2015,10,ATL,NA
2015,10,BAL,0.068
2015,10,BUF,0.002
2015,10,CAR,0.15
2015,10,CHI,0.001
2015,10,CIN,0.158
2015,10,CLE,0
2015,10,DAL,0.017
2015,10,DEN,0.139
2015,10,DET,0
2015,10,GB,0.184
2015,10,HOU,0.001
2015,10,IND,NA
2015,10,JAX,0
2015,10,KC,0
2015,10,MIA,0
2015,10,MIN,0.005
2015,10,NE,0.013999999999999999
2015,10,NO,0.006999999999999999
2015,10,NYG,0
2015,10,NYJ,0.005
2015,10,OAK,0.006
2015,10,PHI,0.10800000000000001
2015,10,PIT,0.073
2015,10,SD,NA
2015,10,SEA,0.003
2015,10,SF,NA
2015,10,STL,0.051
2015,10,TB,0.004
2015,10,TEN,0.001
2015,10,WAS,0.001
2015,11,ARI,0.011000000000000001
2015,11,ATL,0.037000000000000005
2015,11,BAL,0.008
2015,11,BUF,0.001
2015,11,CAR,0.192
2015,11,CHI,0.01
2015,11,CIN,0.001
2015,11,CLE,NA
2015,11,DAL,0.02
2015,11,DEN,0.019
2015,11,DET,0.033
2015,11,GB,0.006999999999999999
2015,11,HOU,0.004
2015,11,IND,0.002
2015,11,JAX,0.033
2015,11,KC,0.034
2015,11,MIA,0.008
2015,11,MIN,0.005
2015,11,NE,0.06
2015,11,NO,NA
2015,11,NYG,NA
2015,11,NYJ,0.019
2015,11,OAK,0.024
2015,11,PHI,0.184
2015,11,PIT,NA
2015,11,SD,0.003
2015,11,SEA,0.276
2015,11,SF,0.001
2015,11,STL,0.002
2015,11,TB,0.001
2015,11,TEN,0.006999999999999999
2015,11,WAS,0.001
2015,12,ARI,0.20199999999999999
2015,12,ATL,0.006999999999999999
2015,12,BAL,0.009000000000000001
2015,12,BUF,0.002
2015,12,CAR,0.009000000000000001
2015,12,CHI,0
2015,12,CIN,0.065
2015,12,CLE,0.023
2015,12,DAL,0.025
2015,12,DEN,0.001
2015,12,DET,0.015
2015,12,GB,0.126
2015,12,HOU,0.027000000000000003
2015,12,IND,0.064
2015,12,JAX,0.057
2015,12,KC,0.168
2015,12,MIA,0.003
2015,12,MIN,0.012
2015,12,NE,0.01
2015,12,NO,0.005
2015,12,NYG,0.049
2015,12,NYJ,0.022000000000000002
2015,12,OAK,0.038
2015,12,PHI,0.011000000000000001
2015,12,PIT,0.001
2015,12,SD,0.024
2015,12,SEA,0.008
2015,12,SF,0.002
2015,12,STL,0.001
2015,12,TB,0.003
2015,12,TEN,0.01
2015,12,WAS,0.001
2015,13,ARI,0.013999999999999999
2015,13,ATL,0.011000000000000001
2015,13,BAL,0.003
2015,13,BUF,0.052000000000000005
2015,13,CAR,0.035
2015,13,CHI,0.313
2015,13,CIN,0.081
2015,13,CLE,0.001
2015,13,DAL,0.022000000000000002
2015,13,DEN,0.052000000000000005
2015,13,DET,0.002
2015,13,GB,0.011000000000000001
2015,13,HOU,0.004
2015,13,IND,0.001
2015,13,JAX,0.004
2015,13,KC,0.035
2015,13,MIA,0.019
2015,13,MIN,0.004
2015,13,NE,0.111
2015,13,NO,0.008
2015,13,NYG,0.02
2015,13,NYJ,0.006999999999999999
2015,13,OAK,0.005
2015,13,PHI,0
2015,13,PIT,0.08900000000000001
2015,13,SD,0.001
2015,13,SEA,0.013000000000000001
2015,13,SF,0.005
2015,13,STL,0.001
2015,13,TB,0.006
2015,13,TEN,0.024
2015,13,WAS,0.047
2015,14,ARI,0.054000000000000006
2015,14,ATL,0.002
2015,14,BAL,0.001
2015,14,BUF,0.006999999999999999
2015,14,CAR,0.04
2015,14,CHI,0.031
2015,14,CIN,0.004
2015,14,CLE,0.013000000000000001
2015,14,DAL,0.001
2015,14,DEN,0.17
2015,14,DET,0.013999999999999999
2015,14,GB,0.059000000000000004
2015,14,HOU,0.001
2015,14,IND,0.026000000000000002
2015,14,JAX,0.013000000000000001
2015,14,KC,0.19
2015,14,MIA,0.008
2015,14,MIN,0.003
2015,14,NE,0.024
2015,14,NO,0.016
2015,14,NYG,0.015
2015,14,NYJ,0.153
2015,14,OAK,0
2015,14,PHI,0.021
2015,14,PIT,0.003
2015,14,SD,0.002
2015,14,SEA,0.055
2015,14,SF,0.033
2015,14,STL,0.013000000000000001
2015,14,TB,0.026000000000000002
2015,14,TEN,0.001
2015,14,WAS,0.004
2015,15,ARI,0.006999999999999999
2015,15,ATL,0.018000000000000002
2015,15,BAL,0.005
2015,15,BUF,0.035
2015,15,CAR,0.012
2015,15,CHI,0.002
2015,15,CIN,0.012
2015,15,CLE,0
2015,15,DAL,0.032
2015,15,DEN,0.002
2015,15,DET,0.003
2015,15,GB,0.027999999999999997
2015,15,HOU,0.009000000000000001
2015,15,IND,0.02
2015,15,JAX,0.022000000000000002
2015,15,KC,0.045
2015,15,MIA,0.003
2015,15,MIN,0.213
2015,15,NE,0.182
2015,15,NO,0.028999999999999998
2015,15,NYG,0.01
2015,15,NYJ,0.027999999999999997
2015,15,OAK,0.002
2015,15,PHI,0.006
2015,15,PIT,0.047
2015,15,SD,0.017
2015,15,SEA,0.14
2015,15,SF,0.008
2015,15,STL,0.048
2015,15,TB,0.006
2015,15,TEN,0.001
2015,15,WAS,0.009000000000000001
2015,16,ARI,0.002
2015,16,ATL,0.006
2015,16,BAL,0.003
2015,16,BUF,0.042
2015,16,CAR,0.018000000000000002
2015,16,CHI,0.013999999999999999
2015,16,CIN,0.001
2015,16,CLE,0.001
2015,16,DAL,0.011000000000000001
2015,16,DEN,0.013000000000000001
2015,16,DET,0.175
2015,16,GB,0.003
2015,16,HOU,0.036000000000000004
2015,16,IND,0.006
2015,16,JAX,0.002
2015,16,KC,0.187
2015,16,MIA,0.011000000000000001
2015,16,MIN,0.027000000000000003
2015,16,NE,0.006999999999999999
2015,16,NO,0.059000000000000004
2015,16,NYG,0.006
2015,16,NYJ,0.002
2015,16,OAK,0.04
2015,16,PHI,0.052000000000000005
2015,16,PIT,0.191
2015,16,SD,0.017
2015,16,SEA,0.036000000000000004
2015,16,SF,0.011000000000000001
2015,16,STL,0
2015,16,TB,0.01
2015,16,TEN,0.011000000000000001
2015,16,WAS,0.003
2015,17,ARI,0.004
2015,17,ATL,0.011000000000000001
2015,17,BAL,0.003
2015,17,BUF,0.021
2015,17,CAR,0.11599999999999999
2015,17,CHI,0.015
2015,17,CIN,0.016
2015,17,CLE,0.003
2015,17,DAL,0.07
2015,17,DEN,0.11199999999999999
2015,17,DET,0.008
2015,17,GB,0.016
2015,17,HOU,0.19399999999999998
2015,17,IND,0.05
2015,17,JAX,0.001
2015,17,KC,0.038
2015,17,MIA,0.002
2015,17,MIN,0.004
2015,17,NE,0.024
2015,17,NO,0.002
2015,17,NYG,0.023
2015,17,NYJ,0.009000000000000001
2015,17,OAK,0.004
2015,17,PHI,0.004
2015,17,PIT,0.188
2015,17,SD,0.002
2015,17,SEA,0.003
2015,17,SF,0.018000000000000002
2015,17,STL,0.022000000000000002
2015,17,TB,0.003
2015,17,TEN,0.005
2015,17,WAS,0.013999999999999999
2016,1,ARI,0.053
2016,1,ATL,0.011000000000000001
2016,1,BAL,0.012
2016,1,BUF,0.002
2016,1,CAR,0.015
2016,1,CHI,0
2016,1,CIN,0.006999999999999999
2016,1,CLE,0.003
2016,1,DAL,0.002
2016,1,DEN,0.002
2016,1,DET,0.001
2016,1,GB,0.092
2016,1,HOU,0.126
2016,1,IND,0.036000000000000004
2016,1,JAX,0
2016,1,KC,0.14300000000000002
2016,1,LAR,0.013000000000000001
2016,1,MIA,0
2016,1,MIN,0.006
2016,1,NE,0.001
2016,1,NO,0.018000000000000002
2016,1,NYG,0.01
2016,1,NYJ,0.002
2016,1,OAK,0.004
2016,1,PHI,0.049
2016,1,PIT,0.019
2016,1,SD,0
2016,1,SEA,0.359
2016,1,SF,0.002
2016,1,TB,0.001
2016,1,TEN,0.006
2016,1,WAS,0.001
2016,2,ARI,0.099
2016,2,ATL,0
2016,2,BAL,0.19699999999999998
2016,2,BUF,0.002
2016,2,CAR,0.389
2016,2,CHI,0.005
2016,2,CIN,0
2016,2,CLE,0
2016,2,DAL,0.002
2016,2,DEN,0.031
2016,2,DET,0.086
2016,2,GB,0.011000000000000001
2016,2,HOU,0.004
2016,2,IND,0
2016,2,JAX,0.003
2016,2,KC,0.001
2016,2,LAR,0
2016,2,MIA,0
2016,2,MIN,0
2016,2,NE,0.039
2016,2,NO,0.001
2016,2,NYG,0.013999999999999999
2016,2,NYJ,0.006999999999999999
2016,2,OAK,0.035
2016,2,PHI,0.004
2016,2,PIT,0.009000000000000001
2016,2,SD,0.008
2016,2,SEA,0.045
2016,2,SF,0
2016,2,TB,0
2016,2,TEN,0
2016,2,WAS,0.004
2016,3,ARI,0.076
2016,3,ATL,0.001
2016,3,BAL,0.008
2016,3,BUF,0
2016,3,CAR,0.052000000000000005
2016,3,CHI,0
2016,3,CIN,0.002
2016,3,CLE,0.001
2016,3,DAL,0.136
2016,3,DEN,0.002
2016,3,DET,0
2016,3,GB,0.105
2016,3,HOU,0.005
2016,3,IND,0.004
2016,3,JAX,0.001
2016,3,KC,0.004
2016,3,LAR,0
2016,3,MIA,0.43799999999999994
2016,3,MIN,0
2016,3,NE,0.002
2016,3,NO,0.004
2016,3,NYG,0.026000000000000002
2016,3,NYJ,0
2016,3,OAK,0.004
2016,3,PHI,0
2016,3,PIT,0.02
2016,3,SD,0.001
2016,3,SEA,0.079
2016,3,SF,0
2016,3,TB,0.026000000000000002
2016,3,TEN,0.001
2016,3,WAS,0
2016,4,ARI,0.21600000000000003
2016,4,ATL,0
2016,4,BAL,0.006999999999999999
2016,4,BUF,0
2016,4,CAR,0.005
2016,4,CHI,0
2016,4,CIN,0.214
2016,4,CLE,0
2016,4,DAL,0.01
2016,4,DEN,0.048
2016,4,DET,0.026000000000000002
2016,4,GB,NA
2016,4,HOU,0.053
2016,4,IND,0.006999999999999999
2016,4,JAX,0.001
2016,4,KC,0
2016,4,LAR,0
2016,4,MIA,0
2016,4,MIN,0.018000000000000002
2016,4,NE,0.034
2016,4,NO,0.001
2016,4,NYG,0.001
2016,4,NYJ,0.001
2016,4,OAK,0.001
2016,4,PHI,NA
2016,4,PIT,0.034
2016,4,SD,0.006999999999999999
2016,4,SEA,0.005
2016,4,SF,0.001
2016,4,TB,0
2016,4,TEN,0
2016,4,WAS,0.308
2016,5,ARI,0.009000000000000001
2016,5,ATL,0
2016,5,BAL,0.006999999999999999
2016,5,BUF,0.001
2016,5,CAR,0.013999999999999999
2016,5,CHI,0
2016,5,CIN,0.005
2016,5,CLE,0
2016,5,DAL,0.001
2016,5,DEN,0.012
2016,5,DET,0
2016,5,GB,0.06
2016,5,HOU,0
2016,5,IND,0.039
2016,5,JAX,NA
2016,5,KC,NA
2016,5,LAR,0.003
2016,5,MIA,0.003
2016,5,MIN,0.07
2016,5,NE,0.491
2016,5,NO,NA
2016,5,NYG,0
2016,5,NYJ,0
2016,5,OAK,0.015
2016,5,PHI,0.022000000000000002
2016,5,PIT,0.244
2016,5,SD,0
2016,5,SEA,NA
2016,5,SF,0.001
2016,5,TB,0.001
2016,5,TEN,0.001
2016,5,WAS,0
2016,6,ARI,0.087
2016,6,ATL,0.001
2016,6,BAL,0
2016,6,BUF,0.253
2016,6,CAR,0.002
2016,6,CHI,0.003
2016,6,CIN,0
2016,6,CLE,0
2016,6,DAL,0
2016,6,DEN,0.015
2016,6,DET,0.006
2016,6,GB,0.011000000000000001
2016,6,HOU,0.004
2016,6,IND,0.001
2016,6,JAX,0.002
2016,6,KC,0.001
2016,6,LAR,0.001
2016,6,MIA,0
2016,6,MIN,NA
2016,6,NE,0.11800000000000001
2016,6,NO,0.001
2016,6,NYG,0.006999999999999999
2016,6,NYJ,0
2016,6,OAK,0.005
2016,6,PHI,0.005
2016,6,PIT,0.275
2016,6,SD,0.001
2016,6,SEA,0.012
2016,6,SF,0
2016,6,TB,NA
2016,6,TEN,0.18899999999999997
2016,6,WAS,0
2016,7,ARI,0
2016,7,ATL,0.122
2016,7,BAL,0.004
2016,7,BUF,0.006999999999999999
2016,7,CAR,NA
2016,7,CHI,0
2016,7,CIN,0.428
2016,7,CLE,0
2016,7,DAL,NA
2016,7,DEN,0.094
2016,7,DET,0.002
2016,7,GB,0.233
2016,7,HOU,0
2016,7,IND,0.001
2016,7,JAX,0.001
2016,7,KC,0.037000000000000005
2016,7,LAR,0
2016,7,MIA,0
2016,7,MIN,0.008
2016,7,NE,0.038
2016,7,NO,0
2016,7,NYG,0.005
2016,7,NYJ,0.001
2016,7,OAK,0.006999999999999999
2016,7,PHI,0.001
2016,7,PIT,0
2016,7,SD,0
2016,7,SEA,0.001
2016,7,SF,0.001
2016,7,TB,0.004
2016,7,TEN,0.002
2016,7,WAS,0.001
2016,8,ARI,0.002
2016,8,ATL,0.01
2016,8,BAL,NA
2016,8,BUF,0
2016,8,CAR,0.005
2016,8,CHI,0.001
2016,8,CIN,0.015
2016,8,CLE,0.002
2016,8,DAL,0.084
2016,8,DEN,0.193
2016,8,DET,0.003
2016,8,GB,0.002
2016,8,HOU,0.009000000000000001
2016,8,IND,0.001
2016,8,JAX,0.002
2016,8,KC,0.01
2016,8,LAR,NA
2016,8,MIA,NA
2016,8,MIN,0.392
2016,8,NE,0.10300000000000001
2016,8,NO,0.001
2016,8,NYG,NA
2016,8,NYJ,0.081
2016,8,OAK,0.013000000000000001
2016,8,PHI,0
2016,8,PIT,NA
2016,8,SD,0
2016,8,SEA,0.009000000000000001
2016,8,SF,NA
2016,8,TB,0.004
2016,8,TEN,0.055
2016,8,WAS,0
2016,9,ARI,NA
2016,9,ATL,0.035
2016,9,BAL,0
2016,9,BUF,0
2016,9,CAR,0.008
2016,9,CHI,NA
2016,9,CIN,NA
2016,9,CLE,0
2016,9,DAL,0.307
2016,9,DEN,0.001
2016,9,DET,0
2016,9,GB,0.109
2016,9,HOU,NA
2016,9,IND,0
2016,9,JAX,0
2016,9,KC,0.35100000000000003
2016,9,LAR,0
2016,9,MIA,0.006
2016,9,MIN,0.032
2016,9,NE,NA
2016,9,NO,0.040999999999999995
2016,9,NYG,0.003
2016,9,NYJ,0.001
2016,9,OAK,0.003
2016,9,PHI,0.001
2016,9,PIT,0.002
2016,9,SD,0.035
2016,9,SEA,0.061
2016,9,SF,0
2016,9,TB,0.001
2016,9,TEN,0
2016,9,WAS,NA
2016,10,ARI,0.424
2016,10,ATL,0.006
2016,10,BAL,0.35600000000000004
2016,10,BUF,NA
2016,10,CAR,0.01
2016,10,CHI,0.002
2016,10,CIN,0.001
2016,10,CLE,0.001
2016,10,DAL,0.002
2016,10,DEN,0.002
2016,10,DET,NA
2016,10,GB,0.017
2016,10,HOU,0.013000000000000001
2016,10,IND,NA
2016,10,JAX,0.001
2016,10,KC,0.001
2016,10,LAR,0.001
2016,10,MIA,0
2016,10,MIN,0.002
2016,10,NE,0.027000000000000003
2016,10,NO,0.004
2016,10,NYG,0.006999999999999999
2016,10,NYJ,0.006999999999999999
2016,10,OAK,NA
2016,10,PHI,0.002
2016,10,PIT,0.005
2016,10,SD,0.09300000000000001
2016,10,SEA,0
2016,10,SF,0
2016,10,TB,0.01
2016,10,TEN,0
2016,10,WAS,0.005
2016,11,ARI,0.001
2016,11,ATL,NA
2016,11,BAL,0
2016,11,BUF,0
2016,11,CAR,0.006
2016,11,CHI,0
2016,11,CIN,0.002
2016,11,CLE,0
2016,11,DAL,0.031
2016,11,DEN,NA
2016,11,DET,0.154
2016,11,GB,0.002
2016,11,HOU,0.001
2016,11,IND,0.009000000000000001
2016,11,JAX,0.001
2016,11,KC,0.071
2016,11,LAR,0.003
2016,11,MIA,0.003
2016,11,MIN,0.003
2016,11,NE,0.102
2016,11,NO,0.001
2016,11,NYG,0.302
2016,11,NYJ,NA
2016,11,OAK,0.028999999999999998
2016,11,PHI,0
2016,11,PIT,0.253
2016,11,SD,NA
2016,11,SEA,0.022000000000000002
2016,11,SF,0
2016,11,TB,0
2016,11,TEN,0.001
2016,11,WAS,0.001
2016,12,ARI,0.001
2016,12,ATL,0.006
2016,12,BAL,0.006
2016,12,BUF,0.182
2016,12,CAR,0.001
2016,12,CHI,0.002
2016,12,CIN,0
2016,12,CLE,0
2016,12,DAL,0.026000000000000002
2016,12,DEN,0.003
2016,12,DET,0.003
2016,12,GB,0.001
2016,12,HOU,0.006999999999999999
2016,12,IND,0
2016,12,JAX,0
2016,12,KC,0
2016,12,LAR,0
2016,12,MIA,0.126
2016,12,MIN,0.002
2016,12,NE,0.028999999999999998
2016,12,NO,0.187
2016,12,NYG,0.3
2016,12,NYJ,0
2016,12,OAK,0.005
2016,12,PHI,0.003
2016,12,PIT,0.059000000000000004
2016,12,SD,0.001
2016,12,SEA,0.02
2016,12,SF,0.001
2016,12,TB,0
2016,12,TEN,0.026000000000000002
2016,12,WAS,0.001
2016,13,ARI,0.006
2016,13,ATL,0.031
2016,13,BAL,0.012
2016,13,BUF,0.001
2016,13,CAR,0
2016,13,CHI,0.012
2016,13,CIN,0.003
2016,13,CLE,NA
2016,13,DAL,0.021
2016,13,DEN,0.198
2016,13,DET,0.001
2016,13,GB,0.163
2016,13,HOU,0
2016,13,IND,0.008
2016,13,JAX,0
2016,13,KC,0.001
2016,13,LAR,0
2016,13,MIA,0
2016,13,MIN,0.003
2016,13,NE,0.153
2016,13,NO,0.099
2016,13,NYG,0
2016,13,NYJ,0.002
2016,13,OAK,0.11800000000000001
2016,13,PHI,0.004
2016,13,PIT,0.026000000000000002
2016,13,SD,0.023
2016,13,SEA,0.106
2016,13,SF,0.005
2016,13,TB,0.001
2016,13,TEN,NA
2016,13,WAS,0.002
2016,14,ARI,0.004
2016,14,ATL,0.147
2016,14,BAL,0
2016,14,BUF,0
2016,14,CAR,0.01
2016,14,CHI,0
2016,14,CIN,0.049
2016,14,CLE,0.001
2016,14,DAL,0.003
2016,14,DEN,0.009000000000000001
2016,14,DET,0.54
2016,14,GB,0.001
2016,14,HOU,0.001
2016,14,IND,0.113
2016,14,JAX,0.002
2016,14,KC,0.006999999999999999
2016,14,LAR,0.001
2016,14,MIA,0.001
2016,14,MIN,0.048
2016,14,NE,0.017
2016,14,NO,0.002
2016,14,NYG,0.002
2016,14,NYJ,0.004
2016,14,OAK,0.002
2016,14,PHI,0.009000000000000001
2016,14,PIT,0.004
2016,14,SD,0
2016,14,SEA,0.001
2016,14,SF,0.006
2016,14,TB,0.011000000000000001
2016,14,TEN,0.001
2016,14,WAS,0.004
2016,15,ARI,0.003
2016,15,ATL,0.509
2016,15,BAL,0.017
2016,15,BUF,0.159
2016,15,CAR,0.002
2016,15,CHI,0
2016,15,CIN,0
2016,15,CLE,0.001
2016,15,DAL,0.021
2016,15,DEN,0
2016,15,DET,0
2016,15,GB,0.024
2016,15,HOU,0.07
2016,15,IND,0.001
2016,15,JAX,0.001
2016,15,KC,0.022000000000000002
2016,15,LAR,0
2016,15,MIA,0.002
2016,15,MIN,0.006999999999999999
2016,15,NE,0.001
2016,15,NO,0
2016,15,NYG,0.005
2016,15,NYJ,0.003
2016,15,OAK,0.008
2016,15,PHI,0.001
2016,15,PIT,0.003
2016,15,SD,0.001
2016,15,SEA,0.127
2016,15,SF,0
2016,15,TB,0.001
2016,15,TEN,0
2016,15,WAS,0.008
2016,16,ARI,0
2016,16,ATL,0.003
2016,16,BAL,0.001
2016,16,BUF,0.009000000000000001
2016,16,CAR,0.002
2016,16,CHI,0.002
2016,16,CIN,0.001
2016,16,CLE,0.002
2016,16,DAL,0.07
2016,16,DEN,0.001
2016,16,DET,0.001
2016,16,GB,0.07400000000000001
2016,16,HOU,0.008
2016,16,IND,0.001
2016,16,JAX,0.006999999999999999
2016,16,KC,0.013999999999999999
2016,16,LAR,0.037000000000000005
2016,16,MIA,0.001
2016,16,MIN,0
2016,16,NE,0.08
2016,16,NO,0.011000000000000001
2016,16,NYG,0.012
2016,16,NYJ,0
2016,16,OAK,0.068
2016,16,PHI,0.004
2016,16,PIT,0.018000000000000002
2016,16,SD,0.355
2016,16,SEA,0.046
2016,16,SF,0.002
2016,16,TB,0.002
2016,16,TEN,0.14400000000000002
2016,16,WAS,0.024
2016,17,ARI,0.045
2016,17,ATL,0.051
2016,17,BAL,0.004
2016,17,BUF,0.008
2016,17,CAR,0.005
2016,17,CHI,0.001
2016,17,CIN,0.003
2016,17,CLE,0.002
2016,17,DAL,0.005
2016,17,DEN,0.013999999999999999
2016,17,DET,0.001
2016,17,GB,0.012
2016,17,HOU,0.009000000000000001
2016,17,IND,0.218
2016,17,JAX,0.002
2016,17,KC,0.06
2016,17,LAR,0.001
2016,17,MIA,0.001
2016,17,MIN,0.10800000000000001
2016,17,NE,0.024
2016,17,NO,0.002
2016,17,NYG,0.003
2016,17,NYJ,0.004
2016,17,OAK,0.003
2016,17,PHI,0.013999999999999999
2016,17,PIT,0.111
2016,17,SD,0.001
2016,17,SEA,0.128
2016,17,SF,0.001
2016,17,TB,0.057
2016,17,TEN,0.004
2016,17,WAS,0.098
2017,1,ARI,0.006
2017,1,ATL,0.135
2017,1,BAL,0.001
2017,1,BUF,0.243
2017,1,CAR,0.057999999999999996
2017,1,CHI,0.001
2017,1,CIN,0.009000000000000001
2017,1,CLE,0.001
2017,1,DAL,0.006999999999999999
2017,1,DEN,0.013999999999999999
2017,1,DET,0.002
2017,1,GB,0.004
2017,1,HOU,0.092
2017,1,IND,0.002
2017,1,JAX,0
2017,1,KC,0.001
2017,1,LAC,0.002
2017,1,LAR,0.044000000000000004
2017,1,MIA,NA
2017,1,MIN,0.004
2017,1,NE,0.073
2017,1,NO,0.002
2017,1,NYG,0.001
2017,1,NYJ,0.002
2017,1,OAK,0.006999999999999999
2017,1,PHI,0.003
2017,1,PIT,0.282
2017,1,SEA,0.001
2017,1,SF,0.001
2017,1,TB,NA
2017,1,TEN,0.003
2017,1,WAS,0.002
2017,2,ARI,0.073
2017,2,ATL,0.001
2017,2,BAL,0.10800000000000001
2017,2,BUF,0
2017,2,CAR,0.028999999999999998
2017,2,CHI,0
2017,2,CIN,0.012
2017,2,CLE,0
2017,2,DAL,0.002
2017,2,DEN,0
2017,2,DET,0.002
2017,2,GB,0.001
2017,2,HOU,0.001
2017,2,IND,0
2017,2,JAX,0.002
2017,2,KC,0.01
2017,2,LAC,0.005
2017,2,LAR,0.004
2017,2,MIA,0.001
2017,2,MIN,0
2017,2,NE,0.011000000000000001
2017,2,NO,0
2017,2,NYG,0.002
2017,2,NYJ,0
2017,2,OAK,0.47600000000000003
2017,2,PHI,0
2017,2,PIT,0.009000000000000001
2017,2,SEA,0.20600000000000002
2017,2,SF,0
2017,2,TB,0.034
2017,2,TEN,0.005
2017,2,WAS,0.001
2017,3,ARI,0
2017,3,ATL,0.003
2017,3,BAL,0.019
2017,3,BUF,0
2017,3,CAR,0.02
2017,3,CHI,0
2017,3,CIN,0
2017,3,CLE,0.008
2017,3,DAL,0.006
2017,3,DEN,0.035
2017,3,DET,0
2017,3,GB,0.282
2017,3,HOU,0
2017,3,IND,0.006999999999999999
2017,3,JAX,0
2017,3,KC,0.013999999999999999
2017,3,LAC,0
2017,3,LAR,0.013999999999999999
2017,3,MIA,0.136
2017,3,MIN,0.001
2017,3,NE,0.278
2017,3,NO,0
2017,3,NYG,0
2017,3,NYJ,0.001
2017,3,OAK,0.006999999999999999
2017,3,PHI,0.033
2017,3,PIT,0.122
2017,3,SEA,0.001
2017,3,SF,0.002
2017,3,TB,0.006999999999999999
2017,3,TEN,0.002
2017,3,WAS,0
2017,4,ARI,0.078
2017,4,ATL,0.17800000000000002
2017,4,BAL,0
2017,4,BUF,0
2017,4,CAR,0
2017,4,CHI,0
2017,4,CIN,0.02
2017,4,CLE,0.001
2017,4,DAL,0.06
2017,4,DEN,0.002
2017,4,DET,0.001
2017,4,GB,0.10099999999999999
2017,4,HOU,0.001
2017,4,IND,0
2017,4,JAX,0.035
2017,4,KC,0.035
2017,4,LAC,0.002
2017,4,LAR,0
2017,4,MIA,0
2017,4,MIN,0.002
2017,4,NE,0.063
2017,4,NO,0.006999999999999999
2017,4,NYG,0.002
2017,4,NYJ,0
2017,4,OAK,0
2017,4,PHI,0.004
2017,4,PIT,0.002
2017,4,SEA,0.397
2017,4,SF,0
2017,4,TB,0.003
2017,4,TEN,0.002
2017,4,WAS,0
2017,5,ARI,0.001
2017,5,ATL,NA
2017,5,BAL,0.004
2017,5,BUF,0.013999999999999999
2017,5,CAR,0.002
2017,5,CHI,0.001
2017,5,CIN,0.015
2017,5,CLE,0.006999999999999999
2017,5,DAL,0.002
2017,5,DEN,NA
2017,5,DET,0.015
2017,5,GB,0.003
2017,5,HOU,0.001
2017,5,IND,0.013000000000000001
2017,5,JAX,0
2017,5,KC,0.018000000000000002
2017,5,LAC,0.001
2017,5,LAR,0.004
2017,5,MIA,0.006
2017,5,MIN,0.051
2017,5,NE,0.05
2017,5,NO,NA
2017,5,NYG,0.07
2017,5,NYJ,0.027999999999999997
2017,5,OAK,0.009000000000000001
2017,5,PHI,0.3
2017,5,PIT,0.369
2017,5,SEA,0.004
2017,5,SF,0.003
2017,5,TB,0.001
2017,5,TEN,0.008
2017,5,WAS,NA
2017,6,ARI,0.001
2017,6,ATL,0.214
2017,6,BAL,0.022000000000000002
2017,6,BUF,NA
2017,6,CAR,0.003
2017,6,CHI,0
2017,6,CIN,NA
2017,6,CLE,0
2017,6,DAL,NA
2017,6,DEN,0.301
2017,6,DET,0.001
2017,6,GB,0.004
2017,6,HOU,0.237
2017,6,IND,0.001
2017,6,JAX,0.002
2017,6,KC,0.003
2017,6,LAC,0
2017,6,LAR,0.001
2017,6,MIA,0
2017,6,MIN,0
2017,6,NE,0.028999999999999998
2017,6,NO,0.002
2017,6,NYG,0
2017,6,NYJ,0
2017,6,OAK,0.003
2017,6,PHI,0.001
2017,6,PIT,0
2017,6,SEA,NA
2017,6,SF,0
2017,6,TB,0.002
2017,6,TEN,0.009000000000000001
2017,6,WAS,0.163
2017,7,ARI,0.002
2017,7,ATL,0
2017,7,BAL,0
2017,7,BUF,0.016
2017,7,CAR,0.053
2017,7,CHI,0
2017,7,CIN,0
2017,7,CLE,0.001
2017,7,DAL,0.28600000000000003
2017,7,DEN,0.005
2017,7,DET,NA
2017,7,GB,0.008
2017,7,HOU,NA
2017,7,IND,0.002
2017,7,JAX,0.012
2017,7,KC,0.023
2017,7,LAC,0.003
2017,7,LAR,0.008
2017,7,MIA,0.031
2017,7,MIN,0.096
2017,7,NE,0.004
2017,7,NO,0.045
2017,7,NYG,0
2017,7,NYJ,0.001
2017,7,OAK,0.001
2017,7,PHI,0.023
2017,7,PIT,0.043
2017,7,SEA,0.019
2017,7,SF,0.001
2017,7,TB,0.002
2017,7,TEN,0.313
2017,7,WAS,0.001
2017,8,ARI,NA
2017,8,ATL,0.027999999999999997
2017,8,BAL,0.006
2017,8,BUF,0.002
2017,8,CAR,0.002
2017,8,CHI,0
2017,8,CIN,0.209
2017,8,CLE,0
2017,8,DAL,0.003
2017,8,DEN,0.001
2017,8,DET,0.001
2017,8,GB,NA
2017,8,HOU,0
2017,8,IND,0.001
2017,8,JAX,NA
2017,8,KC,0.022000000000000002
2017,8,LAC,0
2017,8,LAR,NA
2017,8,MIA,0.002
2017,8,MIN,0.294
2017,8,NE,0.035
2017,8,NO,0.133
2017,8,NYG,NA
2017,8,NYJ,0
2017,8,OAK,0.002
2017,8,PHI,0.248
2017,8,PIT,0.002
2017,8,SEA,0.008
2017,8,SF,0
2017,8,TB,0.002
2017,8,TEN,NA
2017,8,WAS,0
2017,9,ARI,0.024
2017,9,ATL,0.002
2017,9,BAL,0.001
2017,9,BUF,0.05
2017,9,CAR,0.001
2017,9,CHI,NA
2017,9,CIN,0.002
2017,9,CLE,NA
2017,9,DAL,0.004
2017,9,DEN,0.001
2017,9,DET,0.012
2017,9,GB,0.006999999999999999
2017,9,HOU,0.14300000000000002
2017,9,IND,0.001
2017,9,JAX,0.08199999999999999
2017,9,KC,0.003
2017,9,LAC,NA
2017,9,LAR,0.079
2017,9,MIA,0
2017,9,MIN,NA
2017,9,NE,NA
2017,9,NO,0.34700000000000003
2017,9,NYG,0.013999999999999999
2017,9,NYJ,0.001
2017,9,OAK,0.024
2017,9,PHI,0.065
2017,9,PIT,NA
2017,9,SEA,0.11599999999999999
2017,9,SF,0.002
2017,9,TB,0.001
2017,9,TEN,0.019
2017,9,WAS,0
2017,10,ARI,0.001
2017,10,ATL,0.001
2017,10,BAL,NA
2017,10,BUF,0.001
2017,10,CAR,0.048
2017,10,CHI,0.009000000000000001
2017,10,CIN,0
2017,10,CLE,0
2017,10,DAL,0.001
2017,10,DEN,0
2017,10,DET,0.604
2017,10,GB,0.005
2017,10,HOU,0.001
2017,10,IND,0
2017,10,JAX,0.006
2017,10,KC,NA
2017,10,LAC,0.001
2017,10,LAR,0.18600000000000003
2017,10,MIA,0
2017,10,MIN,0.002
2017,10,NE,0.012
2017,10,NO,0.003
2017,10,NYG,0.009000000000000001
2017,10,NYJ,0.006
2017,10,OAK,NA
2017,10,PHI,NA
2017,10,PIT,0.051
2017,10,SEA,0.008
2017,10,SF,0.002
2017,10,TB,0.034
2017,10,TEN,0.006
2017,10,WAS,0.001
2017,11,ARI,0.004
2017,11,ATL,0.001
2017,11,BAL,0.002
2017,11,BUF,0.001
2017,11,CAR,NA
2017,11,CHI,0.001
2017,11,CIN,0
2017,11,CLE,0.001
2017,11,DAL,0.004
2017,11,DEN,0.028999999999999998
2017,11,DET,0.016
2017,11,GB,0.009000000000000001
2017,11,HOU,0.003
2017,11,IND,NA
2017,11,JAX,0.252
2017,11,KC,0.479
2017,11,LAC,0.044000000000000004
2017,11,LAR,0.001
2017,11,MIA,0.003
2017,11,MIN,0.019
2017,11,NE,0.026000000000000002
2017,11,NO,0.062
2017,11,NYG,0.001
2017,11,NYJ,NA
2017,11,OAK,0
2017,11,PHI,0.004
2017,11,PIT,0.035
2017,11,SEA,0.002
2017,11,SF,NA
2017,11,TB,0.003
2017,11,TEN,0
2017,11,WAS,0.001
2017,12,ARI,0.006999999999999999
2017,12,ATL,0.187
2017,12,BAL,0.035
2017,12,BUF,0
2017,12,CAR,0.048
2017,12,CHI,0
2017,12,CIN,0.18100000000000002
2017,12,CLE,0.001
2017,12,DAL,0.02
2017,12,DEN,0.001
2017,12,DET,0.001
2017,12,GB,0
2017,12,HOU,0
2017,12,IND,0.001
2017,12,JAX,0.003
2017,12,KC,0.07
2017,12,LAC,0.001
2017,12,LAR,0.003
2017,12,MIA,0
2017,12,MIN,0.003
2017,12,NE,0.166
2017,12,NO,0.002
2017,12,NYG,0.001
2017,12,NYJ,0
2017,12,OAK,0.006
2017,12,PHI,0.066
2017,12,PIT,0.085
2017,12,SEA,0.045
2017,12,SF,0
2017,12,TB,0
2017,12,TEN,0.006999999999999999
2017,12,WAS,0.057999999999999996
2017,13,ARI,0.009000000000000001
2017,13,ATL,0.006999999999999999
2017,13,BAL,0.003
2017,13,BUF,0
2017,13,CAR,0.001
2017,13,CHI,0.021
2017,13,CIN,0.001
2017,13,CLE,0.001
2017,13,DAL,0.006999999999999999
2017,13,DEN,0.008
2017,13,DET,0.001
2017,13,GB,0.012
2017,13,HOU,0.001
2017,13,IND,0.001
2017,13,JAX,0.1
2017,13,KC,0.044000000000000004
2017,13,LAC,0.56
2017,13,LAR,0.043
2017,13,MIA,0.002
2017,13,MIN,0.002
2017,13,NE,0.028999999999999998
2017,13,NO,0.003
2017,13,NYG,0
2017,13,NYJ,0.001
2017,13,OAK,0.086
2017,13,PHI,0.002
2017,13,PIT,0.008
2017,13,SEA,0.003
2017,13,SF,0.003
2017,13,TB,0.001
2017,13,TEN,0.037000000000000005
2017,13,WAS,0.003
2017,14,ARI,0.004
2017,14,ATL,0.008
2017,14,BAL,0
2017,14,BUF,0.107
2017,14,CAR,0.005
2017,14,CHI,0.001
2017,14,CIN,0.18100000000000002
2017,14,CLE,0.002
2017,14,DAL,0.11900000000000001
2017,14,DEN,0.059000000000000004
2017,14,DET,0.006999999999999999
2017,14,GB,0.138
2017,14,HOU,0.033
2017,14,IND,0.003
2017,14,JAX,0.002
2017,14,KC,0.037000000000000005
2017,14,LAC,0.044000000000000004
2017,14,LAR,0.002
2017,14,MIA,0.001
2017,14,MIN,0.011000000000000001
2017,14,NE,0.14400000000000002
2017,14,NO,0.003
2017,14,NYG,0.001
2017,14,NYJ,0.021
2017,14,OAK,0.001
2017,14,PHI,0.004
2017,14,PIT,0.025
2017,14,SEA,0.006999999999999999
2017,14,SF,0.003
2017,14,TB,0.005
2017,14,TEN,0.022000000000000002
2017,14,WAS,0.002
2017,15,ARI,0.002
2017,15,ATL,0.083
2017,15,BAL,0.233
2017,15,BUF,0.012
2017,15,CAR,0.025
2017,15,CHI,0.001
2017,15,CIN,0
2017,15,CLE,0.001
2017,15,DAL,0.008
2017,15,DEN,0.02
2017,15,DET,0.047
2017,15,GB,0.001
2017,15,HOU,0.002
2017,15,IND,0.003
2017,15,JAX,0.08199999999999999
2017,15,KC,0.015
2017,15,LAC,0.001
2017,15,LAR,0.001
2017,15,MIA,0.003
2017,15,MIN,0.18
2017,15,NE,0.002
2017,15,NO,0.185
2017,15,NYG,0.002
2017,15,NYJ,0.001
2017,15,OAK,0.001
2017,15,PHI,0.022000000000000002
2017,15,PIT,0
2017,15,SEA,0.013999999999999999
2017,15,SF,0.01
2017,15,TB,0.002
2017,15,TEN,0.017
2017,15,WAS,0.023
2017,16,ARI,0.023
2017,16,ATL,0.003
2017,16,BAL,0.18
2017,16,BUF,0
2017,16,CAR,0.287
2017,16,CHI,0.11900000000000001
2017,16,CIN,0.002
2017,16,CLE,0.005
2017,16,DAL,0.009000000000000001
2017,16,DEN,0.003
2017,16,DET,0.011000000000000001
2017,16,GB,0.004
2017,16,HOU,0.001
2017,16,IND,0.002
2017,16,JAX,0.018000000000000002
2017,16,KC,0.121
2017,16,LAC,0.03
2017,16,LAR,0.035
2017,16,MIA,0.001
2017,16,MIN,0.013999999999999999
2017,16,NE,0.047
2017,16,NO,0.001
2017,16,NYG,0.004
2017,16,NYJ,0.003
2017,16,OAK,0.003
2017,16,PHI,0.012
2017,16,PIT,0.025
2017,16,SEA,0.001
2017,16,SF,0.004
2017,16,TB,0.002
2017,16,TEN,0.022000000000000002
2017,16,WAS,0.01
2017,17,ARI,0.001
2017,17,ATL,0.021
2017,17,BAL,0.078
2017,17,BUF,0.025
2017,17,CAR,0.002
2017,17,CHI,0.001
2017,17,CIN,0.001
2017,17,CLE,0.002
2017,17,DAL,0.009000000000000001
2017,17,DEN,0.009000000000000001
2017,17,DET,0.044000000000000004
2017,17,GB,0.003
2017,17,HOU,0.004
2017,17,IND,0.079
2017,17,JAX,0.002
2017,17,KC,0.01
2017,17,LAC,0.015
2017,17,LAR,0.086
2017,17,MIA,0.009000000000000001
2017,17,MIN,0.115
2017,17,NE,0.083
2017,17,NO,0.021
2017,17,NYG,0.008
2017,17,NYJ,0
2017,17,OAK,0.008
2017,17,PHI,0.003
2017,17,PIT,0.071
2017,17,SEA,0.09699999999999999
2017,17,SF,0.05
2017,17,TB,0.006
2017,17,TEN,0.028999999999999998
2017,17,WAS,0.106
2018,1,ARI,0.008
2018,1,ATL,0.004
2018,1,BAL,0.22399999999999998
2018,1,BUF,0.001
2018,1,CAR,0.009000000000000001
2018,1,CHI,0.001
2018,1,CIN,0.006
2018,1,CLE,0.003
2018,1,DAL,0.001
2018,1,DEN,0.005
2018,1,DET,0.109
2018,1,GB,0.113
2018,1,HOU,0.001
2018,1,IND,0.005
2018,1,JAX,0.008
2018,1,KC,0.002
2018,1,LAC,0.006
2018,1,LAR,0.026000000000000002
2018,1,MIA,0.002
2018,1,MIN,0.053
2018,1,NE,0.024
2018,1,NO,0.306
2018,1,NYG,0.002
2018,1,NYJ,0.001
2018,1,OAK,0.002
2018,1,PHI,0.006
2018,1,PIT,0.055999999999999994
2018,1,SEA,0.002
2018,1,SF,0.001
2018,1,TB,0
2018,1,TEN,0.012
2018,1,WAS,0.002
2018,2,ARI,0
2018,2,ATL,0.009000000000000001
2018,2,BAL,0.006
2018,2,BUF,0.001
2018,2,CAR,0.002
2018,2,CHI,0.006999999999999999
2018,2,CIN,0.002
2018,2,CLE,0
2018,2,DAL,0.004
2018,2,DEN,0.034
2018,2,DET,0.001
2018,2,GB,0.002
2018,2,HOU,0.017
2018,2,IND,0.001
2018,2,JAX,0
2018,2,KC,0.002
2018,2,LAC,0.218
2018,2,LAR,0.349
2018,2,MIA,0.001
2018,2,MIN,0.004
2018,2,NE,0.006
2018,2,NO,0.196
2018,2,NYG,0.004
2018,2,NYJ,0.017
2018,2,OAK,0.001
2018,2,PHI,0.013999999999999999
2018,2,PIT,0.006999999999999999
2018,2,SEA,0.003
2018,2,SF,0.038
2018,2,TB,0
2018,2,TEN,0.001
2018,2,WAS,0.054000000000000006
2018,3,ARI,0
2018,3,ATL,0.001
2018,3,BAL,0.005
2018,3,BUF,0.001
2018,3,CAR,0.004
2018,3,CHI,0.052000000000000005
2018,3,CIN,0
2018,3,CLE,0.018000000000000002
2018,3,DAL,0.001
2018,3,DEN,0.001
2018,3,DET,0
2018,3,GB,0.005
2018,3,HOU,0.025
2018,3,IND,0
2018,3,JAX,0.102
2018,3,KC,0.071
2018,3,LAC,0
2018,3,LAR,0.017
2018,3,MIA,0.009000000000000001
2018,3,MIN,0.584
2018,3,NE,0.045
2018,3,NO,0
2018,3,NYG,0
2018,3,NYJ,0.003
2018,3,OAK,0.001
2018,3,PHI,0.042
2018,3,PIT,0.003
2018,3,SEA,0.005
2018,3,SF,0
2018,3,TB,0.002
2018,3,TEN,0
2018,3,WAS,0
2018,4,ARI,0.001
2018,4,ATL,0.024
2018,4,BAL,0.001
2018,4,BUF,0
2018,4,CAR,NA
2018,4,CHI,0.006
2018,4,CIN,0.001
2018,4,CLE,0.005
2018,4,DAL,0.008
2018,4,DEN,0.001
2018,4,DET,0.003
2018,4,GB,0.22
2018,4,HOU,0.003
2018,4,IND,0.01
2018,4,JAX,0.218
2018,4,KC,0.019
2018,4,LAC,0.309
2018,4,LAR,0.03
2018,4,MIA,0.001
2018,4,MIN,0.001
2018,4,NE,0.044000000000000004
2018,4,NO,0.018000000000000002
2018,4,NYG,0.001
2018,4,NYJ,0
2018,4,OAK,0.013000000000000001
2018,4,PHI,0.024
2018,4,PIT,0.004
2018,4,SEA,0.032
2018,4,SF,0
2018,4,TB,0.002
2018,4,TEN,0
2018,4,WAS,NA
2018,5,ARI,0.002
2018,5,ATL,0.001
2018,5,BAL,0.021
2018,5,BUF,0.001
2018,5,CAR,0.23199999999999998
2018,5,CHI,NA
2018,5,CIN,0.096
2018,5,CLE,0.001
2018,5,DAL,0.002
2018,5,DEN,0.022000000000000002
2018,5,DET,0.001
2018,5,GB,0.009000000000000001
2018,5,HOU,0.006999999999999999
2018,5,IND,0
2018,5,JAX,0.001
2018,5,KC,0.006999999999999999
2018,5,LAC,0.025
2018,5,LAR,0.055
2018,5,MIA,0.001
2018,5,MIN,0
2018,5,NE,0.341
2018,5,NO,0.067
2018,5,NYG,0
2018,5,NYJ,0.003
2018,5,OAK,0
2018,5,PHI,0.005
2018,5,PIT,0.004
2018,5,SEA,0.001
2018,5,SF,0.023
2018,5,TB,NA
2018,5,TEN,0.07400000000000001
2018,5,WAS,0.001
2018,6,ARI,0
2018,6,ATL,0.03
2018,6,BAL,0.003
2018,6,BUF,0.001
2018,6,CAR,0.006
2018,6,CHI,0.04
2018,6,CIN,0.003
2018,6,CLE,0.002
2018,6,DAL,0.001
2018,6,DEN,0
2018,6,DET,NA
2018,6,GB,0.27699999999999997
2018,6,HOU,0.24
2018,6,IND,0.002
2018,6,JAX,0.01
2018,6,KC,0.001
2018,6,LAC,0.006999999999999999
2018,6,LAR,0.035
2018,6,MIA,0.001
2018,6,MIN,0.29100000000000004
2018,6,NE,0.003
2018,6,NO,NA
2018,6,NYG,0.002
2018,6,NYJ,0.008
2018,6,OAK,0.001
2018,6,PHI,0.016
2018,6,PIT,0.002
2018,6,SEA,0.013999999999999999
2018,6,SF,0
2018,6,TB,0
2018,6,TEN,0.001
2018,6,WAS,0.002
2018,7,ARI,0.002
2018,7,ATL,0.14400000000000002
2018,7,BAL,0.002
2018,7,BUF,0.001
2018,7,CAR,0
2018,7,CHI,0
2018,7,CIN,0
2018,7,CLE,0.001
2018,7,DAL,0.002
2018,7,DEN,0.024
2018,7,DET,0.004
2018,7,GB,NA
2018,7,HOU,0
2018,7,IND,0.26
2018,7,JAX,0.022000000000000002
2018,7,KC,0.11699999999999999
2018,7,LAC,0.102
2018,7,LAR,0.215
2018,7,MIA,0.008
2018,7,MIN,0.015
2018,7,NE,0.016
2018,7,NO,0.002
2018,7,NYG,0.001
2018,7,NYJ,0
2018,7,OAK,NA
2018,7,PHI,0.034
2018,7,PIT,NA
2018,7,SEA,NA
2018,7,SF,0
2018,7,TB,0.023
2018,7,TEN,0
2018,7,WAS,0.003
2018,8,ARI,0.003
2018,8,ATL,NA
2018,8,BAL,0.001
2018,8,BUF,0
2018,8,CAR,0.002
2018,8,CHI,0.179
2018,8,CIN,0.027000000000000003
2018,8,CLE,0
2018,8,DAL,NA
2018,8,DEN,0
2018,8,DET,0.003
2018,8,GB,0
2018,8,HOU,0.10099999999999999
2018,8,IND,0.013999999999999999
2018,8,JAX,0
2018,8,KC,0.138
2018,8,LAC,NA
2018,8,LAR,0.012
2018,8,MIA,0.001
2018,8,MIN,0
2018,8,NE,0.18899999999999997
2018,8,NO,0.001
2018,8,NYG,0.001
2018,8,NYJ,0
2018,8,OAK,0.002
2018,8,PHI,0.01
2018,8,PIT,0.294
2018,8,SEA,0.001
2018,8,SF,0.004
2018,8,TB,0
2018,8,TEN,NA
2018,8,WAS,0.019
2018,9,ARI,NA
2018,9,ATL,0.002
2018,9,BAL,0.001
2018,9,BUF,0.001
2018,9,CAR,0.192
2018,9,CHI,0.317
2018,9,CIN,NA
2018,9,CLE,0
2018,9,DAL,0.151
2018,9,DEN,0.003
2018,9,DET,0
2018,9,GB,0
2018,9,HOU,0.006
2018,9,IND,NA
2018,9,JAX,NA
2018,9,KC,0.218
2018,9,LAC,0.001
2018,9,LAR,0.001
2018,9,MIA,0.017
2018,9,MIN,0.043
2018,9,NE,0.011000000000000001
2018,9,NO,0.001
2018,9,NYG,NA
2018,9,NYJ,0
2018,9,OAK,0.013000000000000001
2018,9,PHI,NA
2018,9,PIT,0.002
2018,9,SEA,0.005
2018,9,SF,0.008
2018,9,TB,0
2018,9,TEN,0
2018,9,WAS,0.008
2018,10,ARI,0
2018,10,ATL,0.113
2018,10,BAL,NA
2018,10,BUF,0
2018,10,CAR,0.001
2018,10,CHI,0.048
2018,10,CIN,0
2018,10,CLE,0
2018,10,DAL,0
2018,10,DEN,NA
2018,10,DET,0.001
2018,10,GB,0.14400000000000002
2018,10,HOU,NA
2018,10,IND,0.003
2018,10,JAX,0.003
2018,10,KC,0.20199999999999999
2018,10,LAC,0.132
2018,10,LAR,0.045
2018,10,MIA,0
2018,10,MIN,NA
2018,10,NE,0.023
2018,10,NO,0.036000000000000004
2018,10,NYG,0.002
2018,10,NYJ,0.11
2018,10,OAK,0
2018,10,PHI,0.115
2018,10,PIT,0.006999999999999999
2018,10,SEA,0
2018,10,SF,0.008
2018,10,TB,0.003
2018,10,TEN,0
2018,10,WAS,0.002
2018,11,ARI,0.155
2018,11,ATL,0.045
2018,11,BAL,0.033
2018,11,BUF,NA
2018,11,CAR,0.11
2018,11,CHI,0.003
2018,11,CIN,0.002
2018,11,CLE,NA
2018,11,DAL,0.001
2018,11,DEN,0.001
2018,11,DET,0.001
2018,11,GB,0.003
2018,11,HOU,0.012
2018,11,IND,0.008
2018,11,JAX,0.001
2018,11,KC,0.001
2018,11,LAC,0.111
2018,11,LAR,0.004
2018,11,MIA,NA
2018,11,MIN,0.003
2018,11,NE,NA
2018,11,NO,0.287
2018,11,NYG,0.018000000000000002
2018,11,NYJ,NA
2018,11,OAK,0.004
2018,11,PHI,0.001
2018,11,PIT,0.168
2018,11,SEA,0.013000000000000001
2018,11,SF,NA
2018,11,TB,0.006
2018,11,TEN,0.008
2018,11,WAS,0.003
2018,12,ARI,0
2018,12,ATL,0
2018,12,BAL,0.313
2018,12,BUF,0.002
2018,12,CAR,0.004
2018,12,CHI,0.006
2018,12,CIN,0.025
2018,12,CLE,0.001
2018,12,DAL,0.155
2018,12,DEN,0.001
2018,12,DET,0.005
2018,12,GB,0
2018,12,HOU,0.022000000000000002
2018,12,IND,0.135
2018,12,JAX,0.024
2018,12,KC,NA
2018,12,LAC,0.084
2018,12,LAR,NA
2018,12,MIA,0.001
2018,12,MIN,0.001
2018,12,NE,0.085
2018,12,NO,0.068
2018,12,NYG,0
2018,12,NYJ,0
2018,12,OAK,0
2018,12,PHI,0.044000000000000004
2018,12,PIT,0.008
2018,12,SEA,0.001
2018,12,SF,0.002
2018,12,TB,0.011000000000000001
2018,12,TEN,0.001
2018,12,WAS,0.001
2018,13,ARI,0
2018,13,ATL,0.002
2018,13,BAL,0.002
2018,13,BUF,0.001
2018,13,CAR,0.005
2018,13,CHI,0.006999999999999999
2018,13,CIN,0.002
2018,13,CLE,0
2018,13,DAL,0.001
2018,13,DEN,0.015
2018,13,DET,0
2018,13,GB,0.136
2018,13,HOU,0.05
2018,13,IND,0.01
2018,13,JAX,0.006
2018,13,KC,0.049
2018,13,LAC,0
2018,13,LAR,0.049
2018,13,MIA,0.023
2018,13,MIN,0
2018,13,NE,0.003
2018,13,NO,0.013000000000000001
2018,13,NYG,0.003
2018,13,NYJ,0
2018,13,OAK,0
2018,13,PHI,0.022000000000000002
2018,13,PIT,0.003
2018,13,SEA,0.466
2018,13,SF,0
2018,13,TB,0
2018,13,TEN,0.129
2018,13,WAS,0
2018,14,ARI,0.003
2018,14,ATL,0
2018,14,BAL,0
2018,14,BUF,0.038
2018,14,CAR,0.024
2018,14,CHI,0
2018,14,CIN,0
2018,14,CLE,0.001
2018,14,DAL,0.018000000000000002
2018,14,DEN,0.225
2018,14,DET,0.013999999999999999
2018,14,GB,0.005
2018,14,HOU,0.079
2018,14,IND,0
2018,14,JAX,0.003
2018,14,KC,0.023
2018,14,LAC,0.055999999999999994
2018,14,LAR,0.009000000000000001
2018,14,MIA,0
2018,14,MIN,0.001
2018,14,NE,0.055
2018,14,NO,0.065
2018,14,NYG,0.024
2018,14,NYJ,0.005
2018,14,OAK,0
2018,14,PHI,0.003
2018,14,PIT,0.261
2018,14,SEA,0.008
2018,14,SF,0.004
2018,14,TB,0
2018,14,TEN,0.057
2018,14,WAS,0.017
2018,15,ARI,0.001
2018,15,ATL,0.281
2018,15,BAL,0.08
2018,15,BUF,0.006999999999999999
2018,15,CAR,0.002
2018,15,CHI,0.017
2018,15,CIN,0.044000000000000004
2018,15,CLE,0.003
2018,15,DAL,0.01
2018,15,DEN,0.063
2018,15,DET,0.017
2018,15,GB,0.002
2018,15,HOU,0.145
2018,15,IND,0.003
2018,15,JAX,0.068
2018,15,KC,0.006999999999999999
2018,15,LAC,0.001
2018,15,LAR,0.095
2018,15,MIA,0.001
2018,15,MIN,0.051
2018,15,NE,0.003
2018,15,NO,0.009000000000000001
2018,15,NYG,0.01
2018,15,NYJ,0.001
2018,15,OAK,0.004
2018,15,PHI,0.001
2018,15,PIT,0.002
2018,15,SEA,0.063
2018,15,SF,0.002
2018,15,TB,0.001
2018,15,TEN,0.005
2018,15,WAS,0.002
2018,16,ARI,0.002
2018,16,ATL,0.003
2018,16,BAL,0.001
2018,16,BUF,0.001
2018,16,CAR,0.005
2018,16,CHI,0.032
2018,16,CIN,0.013000000000000001
2018,16,CLE,0.091
2018,16,DAL,0.128
2018,16,DEN,0.028999999999999998
2018,16,DET,0.001
2018,16,GB,0.01
2018,16,HOU,0.001
2018,16,IND,0.179
2018,16,JAX,0.006999999999999999
2018,16,KC,0.004
2018,16,LAC,0.006
2018,16,LAR,0.09699999999999999
2018,16,MIA,0.017
2018,16,MIN,0.013999999999999999
2018,16,NE,0.11199999999999999
2018,16,NO,0.005
2018,16,NYG,0.005
2018,16,NYJ,0.001
2018,16,OAK,0.006999999999999999
2018,16,PHI,0.021
2018,16,PIT,0.001
2018,16,SEA,0.005
2018,16,SF,0.011000000000000001
2018,16,TB,0.002
2018,16,TEN,0.182
2018,16,WAS,0.008
2018,17,ARI,0.002
2018,17,ATL,0.011000000000000001
2018,17,BAL,0.044000000000000004
2018,17,BUF,0.032
2018,17,CAR,0.001
2018,17,CHI,0.003
2018,17,CIN,0.001
2018,17,CLE,0.004
2018,17,DAL,0.02
2018,17,DEN,0.003
2018,17,DET,0.002
2018,17,GB,0.021
2018,17,HOU,0.078
2018,17,IND,0.013000000000000001
2018,17,JAX,0.002
2018,17,KC,0.063
2018,17,LAC,0.005
2018,17,LAR,0.042
2018,17,MIA,0.013999999999999999
2018,17,MIN,0.01
2018,17,NE,0.057999999999999996
2018,17,NO,0.015
2018,17,NYG,0.039
2018,17,NYJ,0.001
2018,17,OAK,0.002
2018,17,PHI,0.18899999999999997
2018,17,PIT,0.106
2018,17,SEA,0.18899999999999997
2018,17,SF,0.002
2018,17,TB,0.012
2018,17,TEN,0.013999999999999999
2018,17,WAS,0.004
